Name;BlockType;Number;Adress;InstanceOfName;Path;
Main;OB;1;OB1;;;
Pull or plug of modules;OB;83;OB83;;;
Rack or station failure;OB;86;OB86;;;
GENERAL;DB;1;DB1;;;
SYS_INFO;FB;2;FB2;;;
SYSTEM_INFO;DB;2;DB2;SYS_INFO;;
Programming error;OB;121;OB121;;;
Startup;OB;100;OB100;;;
SIM;FC;1000;FC1000;;;
ALARM_AI;FB;710;FB710;;ALARM\;
ALARM_VLV;FB;712;FB712;;ALARM\;
ALARM_VFD_E;FB;713;FB713;;ALARM\;
ALARM_MRT;FB;711;FB711;;ALARM\;
ALARM_ESD;FB;714;FB714;;ALARM\;
AI_FB;FB;300;FB300;;ANALOG_IN\;
CONTROL_AI;FC;300;FC300;;ANALOG_IN\;
TIR627;DB;327;DB327;AI_FB;ANALOG_IN\C600\1.TIR (6xx)\;
TIR626;DB;326;DB326;AI_FB;ANALOG_IN\C600\1.TIR (6xx)\;
TIR625;DB;325;DB325;AI_FB;ANALOG_IN\C600\1.TIR (6xx)\;
TIR624;DB;324;DB324;AI_FB;ANALOG_IN\C600\1.TIR (6xx)\;
TIR623;DB;323;DB323;AI_FB;ANALOG_IN\C600\1.TIR (6xx)\;
TIR622;DB;322;DB322;AI_FB;ANALOG_IN\C600\1.TIR (6xx)\;
TIR621;DB;321;DB321;AI_FB;ANALOG_IN\C600\1.TIR (6xx)\;
TIR620;DB;320;DB320;AI_FB;ANALOG_IN\C600\1.TIR (6xx)\;
TIR619;DB;319;DB319;AI_FB;ANALOG_IN\C600\1.TIR (6xx)\;
TIR618;DB;318;DB318;AI_FB;ANALOG_IN\C600\1.TIR (6xx)\;
TIR617;DB;317;DB317;AI_FB;ANALOG_IN\C600\1.TIR (6xx)\;
TIR616;DB;316;DB316;AI_FB;ANALOG_IN\C600\1.TIR (6xx)\;
TIR628;DB;328;DB328;AI_FB;ANALOG_IN\C600\1.TIR (6xx)\;
TIR615;DB;315;DB315;AI_FB;ANALOG_IN\C600\1.TIR (6xx)\;
TIR613;DB;313;DB313;AI_FB;ANALOG_IN\C600\1.TIR (6xx)\;
TIR612;DB;312;DB312;AI_FB;ANALOG_IN\C600\1.TIR (6xx)\;
TIR611;DB;311;DB311;AI_FB;ANALOG_IN\C600\1.TIR (6xx)\;
TIR610;DB;310;DB310;AI_FB;ANALOG_IN\C600\1.TIR (6xx)\;
TIR609;DB;309;DB309;AI_FB;ANALOG_IN\C600\1.TIR (6xx)\;
TIR608;DB;308;DB308;AI_FB;ANALOG_IN\C600\1.TIR (6xx)\;
TIR607;DB;307;DB307;AI_FB;ANALOG_IN\C600\1.TIR (6xx)\;
TIR606;DB;306;DB306;AI_FB;ANALOG_IN\C600\1.TIR (6xx)\;
TIR605;DB;305;DB305;AI_FB;ANALOG_IN\C600\1.TIR (6xx)\;
TIR604;DB;304;DB304;AI_FB;ANALOG_IN\C600\1.TIR (6xx)\;
TIR603;DB;303;DB303;AI_FB;ANALOG_IN\C600\1.TIR (6xx)\;
TIR602;DB;302;DB302;AI_FB;ANALOG_IN\C600\1.TIR (6xx)\;
TIR614;DB;314;DB314;AI_FB;ANALOG_IN\C600\1.TIR (6xx)\;
TIR629;DB;329;DB329;AI_FB;ANALOG_IN\C600\1.TIR (6xx)\;
TIR601;DB;301;DB301;AI_FB;ANALOG_IN\C600\1.TIR (6xx)\;
TIR630;DB;330;DB330;AI_FB;ANALOG_IN\C600\1.TIR (6xx)\;
TIR631;DB;331;DB331;AI_FB;ANALOG_IN\C600\1.TIR (6xx)\;
TIR632;DB;332;DB332;AI_FB;ANALOG_IN\C600\1.TIR (6xx)\;
TIR633;DB;333;DB333;AI_FB;ANALOG_IN\C600\1.TIR (6xx)\;
TIR634;DB;334;DB334;AI_FB;ANALOG_IN\C600\1.TIR (6xx)\;
TIR635;DB;335;DB335;AI_FB;ANALOG_IN\C600\1.TIR (6xx)\;
TIR636;DB;336;DB336;AI_FB;ANALOG_IN\C600\1.TIR (6xx)\;
TIR637;DB;337;DB337;AI_FB;ANALOG_IN\C600\1.TIR (6xx)\;
TIR638;DB;338;DB338;AI_FB;ANALOG_IN\C600\1.TIR (6xx)\;
TIR639;DB;339;DB339;AI_FB;ANALOG_IN\C600\1.TIR (6xx)\;
TIR640;DB;340;DB340;AI_FB;ANALOG_IN\C600\1.TIR (6xx)\;
TIR641;DB;341;DB341;AI_FB;ANALOG_IN\C600\1.TIR (6xx)\;
TIR642;DB;342;DB342;AI_FB;ANALOG_IN\C600\1.TIR (6xx)\;
TIR643;DB;343;DB343;AI_FB;ANALOG_IN\C600\1.TIR (6xx)\;
TIR644;DB;344;DB344;AI_FB;ANALOG_IN\C600\1.TIR (6xx)\;
TIR645;DB;345;DB345;AI_FB;ANALOG_IN\C600\1.TIR (6xx)\;
TIR646;DB;346;DB346;AI_FB;ANALOG_IN\C600\1.TIR (6xx)\;
TIR647;DB;347;DB347;AI_FB;ANALOG_IN\C600\1.TIR (6xx)\;
TIR648;DB;348;DB348;AI_FB;ANALOG_IN\C600\1.TIR (6xx)\;
TIR649;DB;349;DB349;AI_FB;ANALOG_IN\C600\1.TIR (6xx)\;
TIR650;DB;350;DB350;AI_FB;ANALOG_IN\C600\1.TIR (6xx)\;
TIR651;DB;351;DB351;AI_FB;ANALOG_IN\C600\1.TIR (6xx)\;
TIR652;DB;352;DB352;AI_FB;ANALOG_IN\C600\1.TIR (6xx)\;
TIR653;DB;353;DB353;AI_FB;ANALOG_IN\C600\1.TIR (6xx)\;
TIR654;DB;354;DB354;AI_FB;ANALOG_IN\C600\1.TIR (6xx)\;
TIR655;DB;355;DB355;AI_FB;ANALOG_IN\C600\1.TIR (6xx)\;
TIR656;DB;356;DB356;AI_FB;ANALOG_IN\C600\1.TIR (6xx)\;
TIR657;DB;357;DB357;AI_FB;ANALOG_IN\C600\1.TIR (6xx)\;
TIR658;DB;358;DB358;AI_FB;ANALOG_IN\C600\1.TIR (6xx)\;
C600_AI_SET_TIR;DB;300;DB300;;ANALOG_IN\C600\1.TIR (6xx)\;
C600_CTRL_AI_TIR;FC;301;FC301;;ANALOG_IN\C600\1.TIR (6xx)\;
C600_AI_SET_PIR;DB;400;DB400;;ANALOG_IN\C600\2.PIR\;
C600_CTRL_AI_PIR;FC;303;FC303;;ANALOG_IN\C600\2.PIR\;
PIR601;DB;401;DB401;AI_FB;ANALOG_IN\C600\2.PIR\;
PIR602;DB;402;DB402;AI_FB;ANALOG_IN\C600\2.PIR\;
PIR603;DB;403;DB403;AI_FB;ANALOG_IN\C600\2.PIR\;
PIR604;DB;404;DB404;AI_FB;ANALOG_IN\C600\2.PIR\;
PIR605;DB;405;DB405;AI_FB;ANALOG_IN\C600\2.PIR\;
PIR606;DB;406;DB406;AI_FB;ANALOG_IN\C600\2.PIR\;
PIR607;DB;407;DB407;AI_FB;ANALOG_IN\C600\2.PIR\;
PIR608;DB;408;DB408;AI_FB;ANALOG_IN\C600\2.PIR\;
PIR609;DB;409;DB409;AI_FB;ANALOG_IN\C600\2.PIR\;
PIR610;DB;410;DB410;AI_FB;ANALOG_IN\C600\2.PIR\;
PIR611;DB;411;DB411;AI_FB;ANALOG_IN\C600\2.PIR\;
PIR612;DB;412;DB412;AI_FB;ANALOG_IN\C600\2.PIR\;
PIR613;DB;413;DB413;AI_FB;ANALOG_IN\C600\2.PIR\;
PIR614;DB;414;DB414;AI_FB;ANALOG_IN\C600\2.PIR\;
PIR615;DB;415;DB415;AI_FB;ANALOG_IN\C600\2.PIR\;
PIR616;DB;416;DB416;AI_FB;ANALOG_IN\C600\2.PIR\;
PIR617;DB;417;DB417;AI_FB;ANALOG_IN\C600\2.PIR\;
PIR618;DB;418;DB418;AI_FB;ANALOG_IN\C600\2.PIR\;
PIR619;DB;419;DB419;AI_FB;ANALOG_IN\C600\2.PIR\;
PIR620;DB;420;DB420;AI_FB;ANALOG_IN\C600\2.PIR\;
PIR621;DB;421;DB421;AI_FB;ANALOG_IN\C600\2.PIR\;
PIR622;DB;422;DB422;AI_FB;ANALOG_IN\C600\2.PIR\;
PIR623;DB;423;DB423;AI_FB;ANALOG_IN\C600\2.PIR\;
PIR624;DB;424;DB424;AI_FB;ANALOG_IN\C600\2.PIR\;
PIR625;DB;425;DB425;AI_FB;ANALOG_IN\C600\2.PIR\;
PIR626;DB;426;DB426;AI_FB;ANALOG_IN\C600\2.PIR\;
PIR627;DB;427;DB427;AI_FB;ANALOG_IN\C600\2.PIR\;
PIR628;DB;428;DB428;AI_FB;ANALOG_IN\C600\2.PIR\;
PIR629;DB;429;DB429;AI_FB;ANALOG_IN\C600\2.PIR\;
PIR630;DB;430;DB430;AI_FB;ANALOG_IN\C600\2.PIR\;
PIR6101;DB;431;DB431;AI_FB;ANALOG_IN\C600\2.PIR\;
PIR6102;DB;432;DB432;AI_FB;ANALOG_IN\C600\2.PIR\;
PIR6103;DB;433;DB433;AI_FB;ANALOG_IN\C600\2.PIR\;
PIR6104;DB;434;DB434;AI_FB;ANALOG_IN\C600\2.PIR\;
PIR6105;DB;435;DB435;AI_FB;ANALOG_IN\C600\2.PIR\;
PIR6106;DB;436;DB436;AI_FB;ANALOG_IN\C600\2.PIR\;
PIR6107;DB;437;DB437;AI_FB;ANALOG_IN\C600\2.PIR\;
PIR6108;DB;438;DB438;AI_FB;ANALOG_IN\C600\2.PIR\;
PIR6109;DB;439;DB439;AI_FB;ANALOG_IN\C600\2.PIR\;
PIR6110;DB;440;DB440;AI_FB;ANALOG_IN\C600\2.PIR\;
PIR6111;DB;441;DB441;AI_FB;ANALOG_IN\C600\2.PIR\;
PIR6112;DB;442;DB442;AI_FB;ANALOG_IN\C600\2.PIR\;
PIR6113;DB;443;DB443;AI_FB;ANALOG_IN\C600\2.PIR\;
PIR6114;DB;444;DB444;AI_FB;ANALOG_IN\C600\2.PIR\;
PIR6115;DB;445;DB445;AI_FB;ANALOG_IN\C600\2.PIR\;
PIR6116;DB;446;DB446;AI_FB;ANALOG_IN\C600\2.PIR\;
PIR6117;DB;447;DB447;AI_FB;ANALOG_IN\C600\2.PIR\;
PIR6118;DB;448;DB448;AI_FB;ANALOG_IN\C600\2.PIR\;
PIR6119;DB;449;DB449;AI_FB;ANALOG_IN\C600\2.PIR\;
PIR6120;DB;450;DB450;AI_FB;ANALOG_IN\C600\2.PIR\;
PIR6121;DB;451;DB451;AI_FB;ANALOG_IN\C600\2.PIR\;
PIR6122;DB;452;DB452;AI_FB;ANALOG_IN\C600\2.PIR\;
PIR6123;DB;453;DB453;AI_FB;ANALOG_IN\C600\2.PIR\;
PIR6124;DB;454;DB454;AI_FB;ANALOG_IN\C600\2.PIR\;
PIR6125;DB;455;DB455;AI_FB;ANALOG_IN\C600\2.PIR\;
PIR6126;DB;456;DB456;AI_FB;ANALOG_IN\C600\2.PIR\;
PIR6127;DB;457;DB457;AI_FB;ANALOG_IN\C600\2.PIR\;
PIR6128;DB;458;DB458;AI_FB;ANALOG_IN\C600\2.PIR\;
PIR6129;DB;459;DB459;AI_FB;ANALOG_IN\C600\2.PIR\;
PIR6130;DB;460;DB460;AI_FB;ANALOG_IN\C600\2.PIR\;
PIR6131;DB;461;DB461;AI_FB;ANALOG_IN\C600\2.PIR\;
PIR6132;DB;462;DB462;AI_FB;ANALOG_IN\C600\2.PIR\;
PIR6133;DB;463;DB463;AI_FB;ANALOG_IN\C600\2.PIR\;
PIR6134;DB;464;DB464;AI_FB;ANALOG_IN\C600\2.PIR\;
PIR6136;DB;466;DB466;AI_FB;ANALOG_IN\C600\2.PIR\;
PIR6137;DB;467;DB467;AI_FB;ANALOG_IN\C600\2.PIR\;
PIR6138;DB;468;DB468;AI_FB;ANALOG_IN\C600\2.PIR\;
PIR6139;DB;469;DB469;AI_FB;ANALOG_IN\C600\2.PIR\;
PIR6140;DB;470;DB470;AI_FB;ANALOG_IN\C600\2.PIR\;
PIR6141;DB;471;DB471;AI_FB;ANALOG_IN\C600\2.PIR\;
PIR6142;DB;472;DB472;AI_FB;ANALOG_IN\C600\2.PIR\;
PIR6143;DB;473;DB473;AI_FB;ANALOG_IN\C600\2.PIR\;
PIR6144;DB;474;DB474;AI_FB;ANALOG_IN\C600\2.PIR\;
PIR6145;DB;475;DB475;AI_FB;ANALOG_IN\C600\2.PIR\;
PIR6146;DB;476;DB476;AI_FB;ANALOG_IN\C600\2.PIR\;
PIR6147;DB;477;DB477;AI_FB;ANALOG_IN\C600\2.PIR\;
PIR6148;DB;478;DB478;AI_FB;ANALOG_IN\C600\2.PIR\;
PIR6149;DB;479;DB479;AI_FB;ANALOG_IN\C600\2.PIR\;
PIR6150;DB;480;DB480;AI_FB;ANALOG_IN\C600\2.PIR\;
PIR6151;DB;481;DB481;AI_FB;ANALOG_IN\C600\2.PIR\;
PIR6135;DB;465;DB465;AI_FB;ANALOG_IN\C600\2.PIR\;
C600_AI_SET_LIR;DB;500;DB500;;ANALOG_IN\C600\3.LIR\;
C600_CTRL_AI_LIR;FC;304;FC304;;ANALOG_IN\C600\3.LIR\;
LIR601;DB;501;DB501;AI_FB;ANALOG_IN\C600\3.LIR\;
LIR602;DB;502;DB502;AI_FB;ANALOG_IN\C600\3.LIR\;
LIR603;DB;503;DB503;AI_FB;ANALOG_IN\C600\3.LIR\;
LIR604;DB;504;DB504;AI_FB;ANALOG_IN\C600\3.LIR\;
LIR605;DB;505;DB505;AI_FB;ANALOG_IN\C600\3.LIR\;
LIR606;DB;506;DB506;AI_FB;ANALOG_IN\C600\3.LIR\;
LIR607;DB;507;DB507;AI_FB;ANALOG_IN\C600\3.LIR\;
LIR608;DB;508;DB508;AI_FB;ANALOG_IN\C600\3.LIR\;
LIR609;DB;509;DB509;AI_FB;ANALOG_IN\C600\3.LIR\;
LIR610;DB;510;DB510;AI_FB;ANALOG_IN\C600\3.LIR\;
LIR611;DB;511;DB511;AI_FB;ANALOG_IN\C600\3.LIR\;
LIR612;DB;512;DB512;AI_FB;ANALOG_IN\C600\3.LIR\;
LIR613;DB;513;DB513;AI_FB;ANALOG_IN\C600\3.LIR\;
LIR614;DB;514;DB514;AI_FB;ANALOG_IN\C600\3.LIR\;
LIR615;DB;515;DB515;AI_FB;ANALOG_IN\C600\3.LIR\;
LIR616;DB;516;DB516;AI_FB;ANALOG_IN\C600\3.LIR\;
LIR617;DB;517;DB517;AI_FB;ANALOG_IN\C600\3.LIR\;
LIR618;DB;518;DB518;AI_FB;ANALOG_IN\C600\3.LIR\;
LIR619;DB;519;DB519;AI_FB;ANALOG_IN\C600\3.LIR\;
LIR620;DB;520;DB520;AI_FB;ANALOG_IN\C600\3.LIR\;
LIR621;DB;521;DB521;AI_FB;ANALOG_IN\C600\3.LIR\;
LIR622;DB;522;DB522;AI_FB;ANALOG_IN\C600\3.LIR\;
LIR623;DB;523;DB523;AI_FB;ANALOG_IN\C600\3.LIR\;
LIR624;DB;524;DB524;AI_FB;ANALOG_IN\C600\3.LIR\;
LIR625;DB;525;DB525;AI_FB;ANALOG_IN\C600\3.LIR\;
LIR6101;DB;531;DB531;AI_FB;ANALOG_IN\C600\3.LIR\;
LIR6102;DB;532;DB532;AI_FB;ANALOG_IN\C600\3.LIR\;
LIR6103;DB;533;DB533;AI_FB;ANALOG_IN\C600\3.LIR\;
LIR6104;DB;534;DB534;AI_FB;ANALOG_IN\C600\3.LIR\;
LIR6105;DB;535;DB535;AI_FB;ANALOG_IN\C600\3.LIR\;
LIR6106;DB;536;DB536;AI_FB;ANALOG_IN\C600\3.LIR\;
LIR6107;DB;537;DB537;AI_FB;ANALOG_IN\C600\3.LIR\;
LIR6108;DB;538;DB538;AI_FB;ANALOG_IN\C600\3.LIR\;
LIR6109;DB;539;DB539;AI_FB;ANALOG_IN\C600\3.LIR\;
LIR6110;DB;540;DB540;AI_FB;ANALOG_IN\C600\3.LIR\;
LIR6111;DB;541;DB541;AI_FB;ANALOG_IN\C600\3.LIR\;
LIR6112;DB;542;DB542;AI_FB;ANALOG_IN\C600\3.LIR\;
LIR6113;DB;543;DB543;AI_FB;ANALOG_IN\C600\3.LIR\;
LIR6114;DB;544;DB544;AI_FB;ANALOG_IN\C600\3.LIR\;
LIR6115;DB;545;DB545;AI_FB;ANALOG_IN\C600\3.LIR\;
LIR6116;DB;546;DB546;AI_FB;ANALOG_IN\C600\3.LIR\;
LIR6117;DB;547;DB547;AI_FB;ANALOG_IN\C600\3.LIR\;
LIR6118;DB;548;DB548;AI_FB;ANALOG_IN\C600\3.LIR\;
LIR6119;DB;549;DB549;AI_FB;ANALOG_IN\C600\3.LIR\;
LIR6120;DB;550;DB550;AI_FB;ANALOG_IN\C600\3.LIR\;
LIR6121;DB;551;DB551;AI_FB;ANALOG_IN\C600\3.LIR\;
LIR6122;DB;552;DB552;AI_FB;ANALOG_IN\C600\3.LIR\;
LIR6123;DB;553;DB553;AI_FB;ANALOG_IN\C600\3.LIR\;
C600_AI_SET_FIR;DB;600;DB600;;ANALOG_IN\C600\4.FIR\;
C600_CTRL_AI_FIR;FC;305;FC305;;ANALOG_IN\C600\4.FIR\;
FIR601;DB;601;DB601;AI_FB;ANALOG_IN\C600\4.FIR\;
FIR602;DB;602;DB602;AI_FB;ANALOG_IN\C600\4.FIR\;
FIR603;DB;603;DB603;AI_FB;ANALOG_IN\C600\4.FIR\;
FIR604;DB;604;DB604;AI_FB;ANALOG_IN\C600\4.FIR\;
FIR605;DB;605;DB605;AI_FB;ANALOG_IN\C600\4.FIR\;
FIR606;DB;606;DB606;AI_FB;ANALOG_IN\C600\4.FIR\;
FIR607;DB;607;DB607;AI_FB;ANALOG_IN\C600\4.FIR\;
FIR608;DB;608;DB608;AI_FB;ANALOG_IN\C600\4.FIR\;
FIR609;DB;609;DB609;AI_FB;ANALOG_IN\C600\4.FIR\;
FIR610;DB;610;DB610;AI_FB;ANALOG_IN\C600\4.FIR\;
FIR611;DB;611;DB611;AI_FB;ANALOG_IN\C600\4.FIR\;
FIR612;DB;612;DB612;AI_FB;ANALOG_IN\C600\4.FIR\;
FIR613;DB;613;DB613;AI_FB;ANALOG_IN\C600\4.FIR\;
FIR614;DB;614;DB614;AI_FB;ANALOG_IN\C600\4.FIR\;
FIR615;DB;615;DB615;AI_FB;ANALOG_IN\C600\4.FIR\;
FIR616;DB;616;DB616;AI_FB;ANALOG_IN\C600\4.FIR\;
FIR617;DB;617;DB617;AI_FB;ANALOG_IN\C600\4.FIR\;
FIR618;DB;618;DB618;AI_FB;ANALOG_IN\C600\4.FIR\;
FIR619;DB;619;DB619;AI_FB;ANALOG_IN\C600\4.FIR\;
FIR620;DB;620;DB620;AI_FB;ANALOG_IN\C600\4.FIR\;
FIR621;DB;621;DB621;AI_FB;ANALOG_IN\C600\4.FIR\;
FIR622;DB;622;DB622;AI_FB;ANALOG_IN\C600\4.FIR\;
FIR623;DB;623;DB623;AI_FB;ANALOG_IN\C600\4.FIR\;
FIR624;DB;624;DB624;AI_FB;ANALOG_IN\C600\4.FIR\;
FIR625;DB;625;DB625;AI_FB;ANALOG_IN\C600\4.FIR\;
FIR6101;DB;631;DB631;AI_FB;ANALOG_IN\C600\4.FIR\;
FIR6102;DB;632;DB632;AI_FB;ANALOG_IN\C600\4.FIR\;
FIR6103;DB;633;DB633;AI_FB;ANALOG_IN\C600\4.FIR\;
FIR6104;DB;634;DB634;AI_FB;ANALOG_IN\C600\4.FIR\;
FIR6105;DB;635;DB635;AI_FB;ANALOG_IN\C600\4.FIR\;
FIR6106;DB;636;DB636;AI_FB;ANALOG_IN\C600\4.FIR\;
FIR6107;DB;637;DB637;AI_FB;ANALOG_IN\C600\4.FIR\;
FIR6108;DB;638;DB638;AI_FB;ANALOG_IN\C600\4.FIR\;
FIR6109;DB;639;DB639;AI_FB;ANALOG_IN\C600\4.FIR\;
FIR6110;DB;640;DB640;AI_FB;ANALOG_IN\C600\4.FIR\;
FIR6111;DB;641;DB641;AI_FB;ANALOG_IN\C600\4.FIR\;
FIR6112;DB;642;DB642;AI_FB;ANALOG_IN\C600\4.FIR\;
FIR6113;DB;643;DB643;AI_FB;ANALOG_IN\C600\4.FIR\;
FIR6114;DB;644;DB644;AI_FB;ANALOG_IN\C600\4.FIR\;
FIR6115;DB;645;DB645;AI_FB;ANALOG_IN\C600\4.FIR\;
FIR6116;DB;646;DB646;AI_FB;ANALOG_IN\C600\4.FIR\;
FIR6117;DB;647;DB647;AI_FB;ANALOG_IN\C600\4.FIR\;
FIR6118;DB;648;DB648;AI_FB;ANALOG_IN\C600\4.FIR\;
FIR6119;DB;649;DB649;AI_FB;ANALOG_IN\C600\4.FIR\;
FIR6120;DB;650;DB650;AI_FB;ANALOG_IN\C600\4.FIR\;
FIR6121;DB;651;DB651;AI_FB;ANALOG_IN\C600\4.FIR\;
FIR6122;DB;652;DB652;AI_FB;ANALOG_IN\C600\4.FIR\;
FIR6123;DB;653;DB653;AI_FB;ANALOG_IN\C600\4.FIR\;
FIR6115-1;DB;654;DB654;AI_FB;ANALOG_IN\C600\4.FIR\;
C6100_AI_SET_TIR;DB;1000;DB1000;;ANALOG_IN\C600\1.TIR (61xx)\;
TIR6101;DB;1001;DB1001;AI_FB;ANALOG_IN\C600\1.TIR (61xx)\;
TIR6102;DB;1002;DB1002;AI_FB;ANALOG_IN\C600\1.TIR (61xx)\;
TIR6103;DB;1003;DB1003;AI_FB;ANALOG_IN\C600\1.TIR (61xx)\;
TIR6104;DB;1004;DB1004;AI_FB;ANALOG_IN\C600\1.TIR (61xx)\;
TIR6105;DB;1005;DB1005;AI_FB;ANALOG_IN\C600\1.TIR (61xx)\;
TIR6106;DB;1006;DB1006;AI_FB;ANALOG_IN\C600\1.TIR (61xx)\;
TIR6107;DB;1007;DB1007;AI_FB;ANALOG_IN\C600\1.TIR (61xx)\;
TIR6108;DB;1008;DB1008;AI_FB;ANALOG_IN\C600\1.TIR (61xx)\;
TIR6109;DB;1009;DB1009;AI_FB;ANALOG_IN\C600\1.TIR (61xx)\;
TIR6110;DB;1010;DB1010;AI_FB;ANALOG_IN\C600\1.TIR (61xx)\;
TIR6111;DB;1011;DB1011;AI_FB;ANALOG_IN\C600\1.TIR (61xx)\;
TIR6112;DB;1012;DB1012;AI_FB;ANALOG_IN\C600\1.TIR (61xx)\;
TIR6113;DB;1013;DB1013;AI_FB;ANALOG_IN\C600\1.TIR (61xx)\;
TIR6114;DB;1014;DB1014;AI_FB;ANALOG_IN\C600\1.TIR (61xx)\;
TIR6115;DB;1015;DB1015;AI_FB;ANALOG_IN\C600\1.TIR (61xx)\;
TIR6116;DB;1016;DB1016;AI_FB;ANALOG_IN\C600\1.TIR (61xx)\;
TIR6117;DB;1017;DB1017;AI_FB;ANALOG_IN\C600\1.TIR (61xx)\;
TIR6119;DB;1019;DB1019;AI_FB;ANALOG_IN\C600\1.TIR (61xx)\;
TIR6120;DB;1020;DB1020;AI_FB;ANALOG_IN\C600\1.TIR (61xx)\;
TIR6121;DB;1021;DB1021;AI_FB;ANALOG_IN\C600\1.TIR (61xx)\;
TIR6122;DB;1022;DB1022;AI_FB;ANALOG_IN\C600\1.TIR (61xx)\;
TIR6123;DB;1023;DB1023;AI_FB;ANALOG_IN\C600\1.TIR (61xx)\;
TIR6124;DB;1024;DB1024;AI_FB;ANALOG_IN\C600\1.TIR (61xx)\;
TIR6125;DB;1025;DB1025;AI_FB;ANALOG_IN\C600\1.TIR (61xx)\;
TIR6126;DB;1026;DB1026;AI_FB;ANALOG_IN\C600\1.TIR (61xx)\;
TIR6127;DB;1027;DB1027;AI_FB;ANALOG_IN\C600\1.TIR (61xx)\;
TIR6128;DB;1028;DB1028;AI_FB;ANALOG_IN\C600\1.TIR (61xx)\;
TIR6129;DB;1029;DB1029;AI_FB;ANALOG_IN\C600\1.TIR (61xx)\;
TIR6130;DB;1030;DB1030;AI_FB;ANALOG_IN\C600\1.TIR (61xx)\;
TIR6131;DB;1031;DB1031;AI_FB;ANALOG_IN\C600\1.TIR (61xx)\;
TIR6132;DB;1032;DB1032;AI_FB;ANALOG_IN\C600\1.TIR (61xx)\;
TIR6133;DB;1033;DB1033;AI_FB;ANALOG_IN\C600\1.TIR (61xx)\;
TIR6134;DB;1034;DB1034;AI_FB;ANALOG_IN\C600\1.TIR (61xx)\;
TIR6135;DB;1035;DB1035;AI_FB;ANALOG_IN\C600\1.TIR (61xx)\;
TIR6136;DB;1036;DB1036;AI_FB;ANALOG_IN\C600\1.TIR (61xx)\;
TIR6137;DB;1037;DB1037;AI_FB;ANALOG_IN\C600\1.TIR (61xx)\;
TIR6138;DB;1038;DB1038;AI_FB;ANALOG_IN\C600\1.TIR (61xx)\;
TIR6139;DB;1039;DB1039;AI_FB;ANALOG_IN\C600\1.TIR (61xx)\;
TIR6140;DB;1040;DB1040;AI_FB;ANALOG_IN\C600\1.TIR (61xx)\;
TIR6141;DB;1041;DB1041;AI_FB;ANALOG_IN\C600\1.TIR (61xx)\;
TIR6142;DB;1042;DB1042;AI_FB;ANALOG_IN\C600\1.TIR (61xx)\;
TIR6143;DB;1043;DB1043;AI_FB;ANALOG_IN\C600\1.TIR (61xx)\;
TIR6144;DB;1044;DB1044;AI_FB;ANALOG_IN\C600\1.TIR (61xx)\;
TIR6145;DB;1045;DB1045;AI_FB;ANALOG_IN\C600\1.TIR (61xx)\;
TIR6146;DB;1046;DB1046;AI_FB;ANALOG_IN\C600\1.TIR (61xx)\;
TIR6147;DB;1047;DB1047;AI_FB;ANALOG_IN\C600\1.TIR (61xx)\;
TIR6148;DB;1048;DB1048;AI_FB;ANALOG_IN\C600\1.TIR (61xx)\;
TIR6149;DB;1049;DB1049;AI_FB;ANALOG_IN\C600\1.TIR (61xx)\;
TIR6150;DB;1050;DB1050;AI_FB;ANALOG_IN\C600\1.TIR (61xx)\;
TIR6151;DB;1051;DB1051;AI_FB;ANALOG_IN\C600\1.TIR (61xx)\;
TIR6152;DB;1052;DB1052;AI_FB;ANALOG_IN\C600\1.TIR (61xx)\;
TIR6153;DB;1053;DB1053;AI_FB;ANALOG_IN\C600\1.TIR (61xx)\;
TIR6154;DB;1054;DB1054;AI_FB;ANALOG_IN\C600\1.TIR (61xx)\;
TIR6155;DB;1055;DB1055;AI_FB;ANALOG_IN\C600\1.TIR (61xx)\;
TIR6156;DB;1056;DB1056;AI_FB;ANALOG_IN\C600\1.TIR (61xx)\;
TIR6157;DB;1057;DB1057;AI_FB;ANALOG_IN\C600\1.TIR (61xx)\;
TIR6158;DB;1058;DB1058;AI_FB;ANALOG_IN\C600\1.TIR (61xx)\;
TIR6159;DB;1059;DB1059;AI_FB;ANALOG_IN\C600\1.TIR (61xx)\;
TIR6160;DB;1060;DB1060;AI_FB;ANALOG_IN\C600\1.TIR (61xx)\;
TIR6161;DB;1061;DB1061;AI_FB;ANALOG_IN\C600\1.TIR (61xx)\;
TIR6162;DB;1062;DB1062;AI_FB;ANALOG_IN\C600\1.TIR (61xx)\;
TIR6163;DB;1063;DB1063;AI_FB;ANALOG_IN\C600\1.TIR (61xx)\;
TIR6164;DB;1064;DB1064;AI_FB;ANALOG_IN\C600\1.TIR (61xx)\;
TIR6165;DB;1065;DB1065;AI_FB;ANALOG_IN\C600\1.TIR (61xx)\;
TIR6166;DB;1066;DB1066;AI_FB;ANALOG_IN\C600\1.TIR (61xx)\;
TIR6167;DB;1067;DB1067;AI_FB;ANALOG_IN\C600\1.TIR (61xx)\;
TIR6168;DB;1068;DB1068;AI_FB;ANALOG_IN\C600\1.TIR (61xx)\;
TIR6169;DB;1069;DB1069;AI_FB;ANALOG_IN\C600\1.TIR (61xx)\;
TIR6170;DB;1070;DB1070;AI_FB;ANALOG_IN\C600\1.TIR (61xx)\;
TIR6171;DB;1071;DB1071;AI_FB;ANALOG_IN\C600\1.TIR (61xx)\;
TIR6172;DB;1072;DB1072;AI_FB;ANALOG_IN\C600\1.TIR (61xx)\;
TIR6173;DB;1073;DB1073;AI_FB;ANALOG_IN\C600\1.TIR (61xx)\;
TIR6174;DB;1074;DB1074;AI_FB;ANALOG_IN\C600\1.TIR (61xx)\;
TIR6175;DB;1075;DB1075;AI_FB;ANALOG_IN\C600\1.TIR (61xx)\;
TIR6176;DB;1076;DB1076;AI_FB;ANALOG_IN\C600\1.TIR (61xx)\;
TIR6177;DB;1077;DB1077;AI_FB;ANALOG_IN\C600\1.TIR (61xx)\;
TIR6178;DB;1078;DB1078;AI_FB;ANALOG_IN\C600\1.TIR (61xx)\;
TIR6179;DB;1079;DB1079;AI_FB;ANALOG_IN\C600\1.TIR (61xx)\;
TIR6180;DB;1080;DB1080;AI_FB;ANALOG_IN\C600\1.TIR (61xx)\;
TIR6181;DB;1081;DB1081;AI_FB;ANALOG_IN\C600\1.TIR (61xx)\;
TIR6182;DB;1082;DB1082;AI_FB;ANALOG_IN\C600\1.TIR (61xx)\;
TIR6118;DB;1018;DB1018;AI_FB;ANALOG_IN\C600\1.TIR (61xx)\;
C6100_CTRL_AI_TIR;FC;302;FC302;;ANALOG_IN\C600\1.TIR (61xx)\;
AI_SET_QIR;DB;1100;DB1100;;ANALOG_IN\QIR\;
QIR601;DB;1101;DB1101;AI_FB;ANALOG_IN\QIR\;
QIR602;DB;1102;DB1102;AI_FB;ANALOG_IN\QIR\;
CTRL_AI_QIR;FC;306;FC306;;ANALOG_IN\QIR\;
QIR6101;DB;1103;DB1103;AI_FB;ANALOG_IN\QIR\;
QIR6102;DB;1104;DB1104;AI_FB;ANALOG_IN\QIR\;
QIR6103;DB;1105;DB1105;AI_FB;ANALOG_IN\QIR\;
QIR6104;DB;1106;DB1106;AI_FB;ANALOG_IN\QIR\;
QIR701;DB;1107;DB1107;AI_FB;ANALOG_IN\QIR\;
QIR702;DB;1108;DB1108;AI_FB;ANALOG_IN\QIR\;
QIR703;DB;1109;DB1109;AI_FB;ANALOG_IN\QIR\;
QIR704;DB;1110;DB1110;AI_FB;ANALOG_IN\QIR\;
TIR527;DB;1727;DB1727;AI_FB;ANALOG_IN\C500\1.TIR\;
TIR526;DB;1726;DB1726;AI_FB;ANALOG_IN\C500\1.TIR\;
TIR525;DB;1725;DB1725;AI_FB;ANALOG_IN\C500\1.TIR\;
TIR524;DB;1724;DB1724;AI_FB;ANALOG_IN\C500\1.TIR\;
TIR523;DB;1723;DB1723;AI_FB;ANALOG_IN\C500\1.TIR\;
TIR522;DB;1722;DB1722;AI_FB;ANALOG_IN\C500\1.TIR\;
TIR521;DB;1721;DB1721;AI_FB;ANALOG_IN\C500\1.TIR\;
TIR520;DB;1720;DB1720;AI_FB;ANALOG_IN\C500\1.TIR\;
TIR519;DB;1719;DB1719;AI_FB;ANALOG_IN\C500\1.TIR\;
TIR518;DB;1718;DB1718;AI_FB;ANALOG_IN\C500\1.TIR\;
TIR517;DB;1717;DB1717;AI_FB;ANALOG_IN\C500\1.TIR\;
TIR516;DB;1716;DB1716;AI_FB;ANALOG_IN\C500\1.TIR\;
TIR528;DB;1728;DB1728;AI_FB;ANALOG_IN\C500\1.TIR\;
TIR515;DB;1715;DB1715;AI_FB;ANALOG_IN\C500\1.TIR\;
TIR513;DB;1713;DB1713;AI_FB;ANALOG_IN\C500\1.TIR\;
TIR512;DB;1712;DB1712;AI_FB;ANALOG_IN\C500\1.TIR\;
TIR511;DB;1711;DB1711;AI_FB;ANALOG_IN\C500\1.TIR\;
TIR510;DB;1710;DB1710;AI_FB;ANALOG_IN\C500\1.TIR\;
TIR509;DB;1709;DB1709;AI_FB;ANALOG_IN\C500\1.TIR\;
TIR508;DB;1708;DB1708;AI_FB;ANALOG_IN\C500\1.TIR\;
TIR507;DB;1707;DB1707;AI_FB;ANALOG_IN\C500\1.TIR\;
TIR506;DB;1706;DB1706;AI_FB;ANALOG_IN\C500\1.TIR\;
TIR505;DB;1705;DB1705;AI_FB;ANALOG_IN\C500\1.TIR\;
TIR504;DB;1704;DB1704;AI_FB;ANALOG_IN\C500\1.TIR\;
TIR503;DB;1703;DB1703;AI_FB;ANALOG_IN\C500\1.TIR\;
TIR502;DB;1702;DB1702;AI_FB;ANALOG_IN\C500\1.TIR\;
TIR514;DB;1714;DB1714;AI_FB;ANALOG_IN\C500\1.TIR\;
TIR501;DB;1701;DB1701;AI_FB;ANALOG_IN\C500\1.TIR\;
C500_AI_SET_TIR;DB;1700;DB1700;;ANALOG_IN\C500\1.TIR\;
C500_CTRL_AI_TIR;FC;311;FC311;;ANALOG_IN\C500\1.TIR\;
TIR514-1;DB;1729;DB1729;AI_FB;ANALOG_IN\C500\1.TIR\;
C500_AI_SET_PIR;DB;1800;DB1800;;ANALOG_IN\C500\2.PIR\;
C500_CTRL_AI_PIR;FC;312;FC312;;ANALOG_IN\C500\2.PIR\;
PIR501;DB;1801;DB1801;AI_FB;ANALOG_IN\C500\2.PIR\;
PIR502;DB;1802;DB1802;AI_FB;ANALOG_IN\C500\2.PIR\;
PIR503;DB;1803;DB1803;AI_FB;ANALOG_IN\C500\2.PIR\;
PIR504;DB;1804;DB1804;AI_FB;ANALOG_IN\C500\2.PIR\;
PIR505;DB;1805;DB1805;AI_FB;ANALOG_IN\C500\2.PIR\;
PIR506;DB;1806;DB1806;AI_FB;ANALOG_IN\C500\2.PIR\;
PIR507;DB;1807;DB1807;AI_FB;ANALOG_IN\C500\2.PIR\;
PIR508;DB;1808;DB1808;AI_FB;ANALOG_IN\C500\2.PIR\;
PIR509;DB;1809;DB1809;AI_FB;ANALOG_IN\C500\2.PIR\;
PIR510;DB;1810;DB1810;AI_FB;ANALOG_IN\C500\2.PIR\;
PIR511;DB;1811;DB1811;AI_FB;ANALOG_IN\C500\2.PIR\;
C500_AI_SET_LIR;DB;1900;DB1900;;ANALOG_IN\C500\3.LIR\;
C500_CTRL_AI_LIR;FC;313;FC313;;ANALOG_IN\C500\3.LIR\;
LIR501;DB;1901;DB1901;AI_FB;ANALOG_IN\C500\3.LIR\;
LIR502;DB;1902;DB1902;AI_FB;ANALOG_IN\C500\3.LIR\;
LIR503;DB;1903;DB1903;AI_FB;ANALOG_IN\C500\3.LIR\;
LIR504;DB;1904;DB1904;AI_FB;ANALOG_IN\C500\3.LIR\;
LIR505;DB;1905;DB1905;AI_FB;ANALOG_IN\C500\3.LIR\;
LIR506;DB;1906;DB1906;AI_FB;ANALOG_IN\C500\3.LIR\;
LIR507;DB;1907;DB1907;AI_FB;ANALOG_IN\C500\3.LIR\;
LIR508;DB;1908;DB1908;AI_FB;ANALOG_IN\C500\3.LIR\;
LIR509;DB;1909;DB1909;AI_FB;ANALOG_IN\C500\3.LIR\;
LIR510;DB;1910;DB1910;AI_FB;ANALOG_IN\C500\3.LIR\;
LIR511;DB;1911;DB1911;AI_FB;ANALOG_IN\C500\3.LIR\;
LIR512;DB;1912;DB1912;AI_FB;ANALOG_IN\C500\3.LIR\;
LIR513;DB;1913;DB1913;AI_FB;ANALOG_IN\C500\3.LIR\;
LIR514;DB;1914;DB1914;AI_FB;ANALOG_IN\C500\3.LIR\;
LIR515;DB;1915;DB1915;AI_FB;ANALOG_IN\C500\3.LIR\;
LIR516;DB;1916;DB1916;AI_FB;ANALOG_IN\C500\3.LIR\;
LIR517;DB;1917;DB1917;AI_FB;ANALOG_IN\C500\3.LIR\;
LIR518;DB;1918;DB1918;AI_FB;ANALOG_IN\C500\3.LIR\;
LIR519;DB;1919;DB1919;AI_FB;ANALOG_IN\C500\3.LIR\;
LIR520;DB;1920;DB1920;AI_FB;ANALOG_IN\C500\3.LIR\;
LIR521;DB;1921;DB1921;AI_FB;ANALOG_IN\C500\3.LIR\;
LIR522;DB;1922;DB1922;AI_FB;ANALOG_IN\C500\3.LIR\;
C500_AI_SET_FIR;DB;2000;DB2000;;ANALOG_IN\C500\4.FIR\;
C500_CTRL_AI_FIR;FC;314;FC314;;ANALOG_IN\C500\4.FIR\;
FIR501;DB;2001;DB2001;AI_FB;ANALOG_IN\C500\4.FIR\;
FIR502;DB;2002;DB2002;AI_FB;ANALOG_IN\C500\4.FIR\;
FIR503;DB;2003;DB2003;AI_FB;ANALOG_IN\C500\4.FIR\;
FIR504;DB;2004;DB2004;AI_FB;ANALOG_IN\C500\4.FIR\;
FIR505;DB;2005;DB2005;AI_FB;ANALOG_IN\C500\4.FIR\;
FIR506;DB;2006;DB2006;AI_FB;ANALOG_IN\C500\4.FIR\;
FIR507;DB;2007;DB2007;AI_FB;ANALOG_IN\C500\4.FIR\;
FIR508;DB;2008;DB2008;AI_FB;ANALOG_IN\C500\4.FIR\;
FIR509;DB;2009;DB2009;AI_FB;ANALOG_IN\C500\4.FIR\;
FIR510;DB;2010;DB2010;AI_FB;ANALOG_IN\C500\4.FIR\;
FIR511;DB;2011;DB2011;AI_FB;ANALOG_IN\C500\4.FIR\;
FIR512;DB;2012;DB2012;AI_FB;ANALOG_IN\C500\4.FIR\;
FIR513;DB;2013;DB2013;AI_FB;ANALOG_IN\C500\4.FIR\;
FIR514;DB;2014;DB2014;AI_FB;ANALOG_IN\C500\4.FIR\;
FIR515;DB;2015;DB2015;AI_FB;ANALOG_IN\C500\4.FIR\;
FIR516;DB;2016;DB2016;AI_FB;ANALOG_IN\C500\4.FIR\;
TIR727;DB;1327;DB1327;AI_FB;ANALOG_IN\C700\1.TIR\;
TIR726;DB;1326;DB1326;AI_FB;ANALOG_IN\C700\1.TIR\;
TIR725;DB;1325;DB1325;AI_FB;ANALOG_IN\C700\1.TIR\;
TIR724;DB;1324;DB1324;AI_FB;ANALOG_IN\C700\1.TIR\;
TIR723;DB;1323;DB1323;AI_FB;ANALOG_IN\C700\1.TIR\;
TIR722;DB;1322;DB1322;AI_FB;ANALOG_IN\C700\1.TIR\;
TIR721;DB;1321;DB1321;AI_FB;ANALOG_IN\C700\1.TIR\;
TIR720;DB;1320;DB1320;AI_FB;ANALOG_IN\C700\1.TIR\;
TIR719;DB;1319;DB1319;AI_FB;ANALOG_IN\C700\1.TIR\;
TIR718;DB;1318;DB1318;AI_FB;ANALOG_IN\C700\1.TIR\;
TIR717;DB;1317;DB1317;AI_FB;ANALOG_IN\C700\1.TIR\;
TIR716;DB;1316;DB1316;AI_FB;ANALOG_IN\C700\1.TIR\;
TIR728;DB;1328;DB1328;AI_FB;ANALOG_IN\C700\1.TIR\;
TIR715;DB;1315;DB1315;AI_FB;ANALOG_IN\C700\1.TIR\;
TIR713;DB;1313;DB1313;AI_FB;ANALOG_IN\C700\1.TIR\;
TIR712;DB;1312;DB1312;AI_FB;ANALOG_IN\C700\1.TIR\;
TIR711;DB;1311;DB1311;AI_FB;ANALOG_IN\C700\1.TIR\;
TIR710;DB;1310;DB1310;AI_FB;ANALOG_IN\C700\1.TIR\;
TIR709;DB;1309;DB1309;AI_FB;ANALOG_IN\C700\1.TIR\;
TIR708;DB;1308;DB1308;AI_FB;ANALOG_IN\C700\1.TIR\;
TIR707;DB;1307;DB1307;AI_FB;ANALOG_IN\C700\1.TIR\;
TIR706;DB;1306;DB1306;AI_FB;ANALOG_IN\C700\1.TIR\;
TIR705;DB;1305;DB1305;AI_FB;ANALOG_IN\C700\1.TIR\;
TIR704;DB;1304;DB1304;AI_FB;ANALOG_IN\C700\1.TIR\;
TIR703;DB;1303;DB1303;AI_FB;ANALOG_IN\C700\1.TIR\;
TIR702;DB;1302;DB1302;AI_FB;ANALOG_IN\C700\1.TIR\;
TIR714;DB;1314;DB1314;AI_FB;ANALOG_IN\C700\1.TIR\;
TIR729;DB;1329;DB1329;AI_FB;ANALOG_IN\C700\1.TIR\;
TIR701;DB;1301;DB1301;AI_FB;ANALOG_IN\C700\1.TIR\;
TIR730;DB;1330;DB1330;AI_FB;ANALOG_IN\C700\1.TIR\;
TIR731;DB;1331;DB1331;AI_FB;ANALOG_IN\C700\1.TIR\;
TIR732;DB;1332;DB1332;AI_FB;ANALOG_IN\C700\1.TIR\;
TIR733;DB;1333;DB1333;AI_FB;ANALOG_IN\C700\1.TIR\;
TIR734;DB;1334;DB1334;AI_FB;ANALOG_IN\C700\1.TIR\;
TIR735;DB;1335;DB1335;AI_FB;ANALOG_IN\C700\1.TIR\;
TIR736;DB;1336;DB1336;AI_FB;ANALOG_IN\C700\1.TIR\;
TIR737;DB;1337;DB1337;AI_FB;ANALOG_IN\C700\1.TIR\;
TIR738;DB;1338;DB1338;AI_FB;ANALOG_IN\C700\1.TIR\;
TIR739;DB;1339;DB1339;AI_FB;ANALOG_IN\C700\1.TIR\;
TIR740;DB;1340;DB1340;AI_FB;ANALOG_IN\C700\1.TIR\;
TIR741;DB;1341;DB1341;AI_FB;ANALOG_IN\C700\1.TIR\;
TIR742;DB;1342;DB1342;AI_FB;ANALOG_IN\C700\1.TIR\;
TIR743;DB;1343;DB1343;AI_FB;ANALOG_IN\C700\1.TIR\;
TIR744;DB;1344;DB1344;AI_FB;ANALOG_IN\C700\1.TIR\;
TIR745;DB;1345;DB1345;AI_FB;ANALOG_IN\C700\1.TIR\;
TIR746;DB;1346;DB1346;AI_FB;ANALOG_IN\C700\1.TIR\;
TIR747;DB;1347;DB1347;AI_FB;ANALOG_IN\C700\1.TIR\;
TIR748;DB;1348;DB1348;AI_FB;ANALOG_IN\C700\1.TIR\;
TIR749;DB;1349;DB1349;AI_FB;ANALOG_IN\C700\1.TIR\;
TIR750;DB;1350;DB1350;AI_FB;ANALOG_IN\C700\1.TIR\;
TIR751;DB;1351;DB1351;AI_FB;ANALOG_IN\C700\1.TIR\;
TIR752;DB;1352;DB1352;AI_FB;ANALOG_IN\C700\1.TIR\;
TIR753;DB;1353;DB1353;AI_FB;ANALOG_IN\C700\1.TIR\;
TIR754;DB;1354;DB1354;AI_FB;ANALOG_IN\C700\1.TIR\;
TIR755;DB;1355;DB1355;AI_FB;ANALOG_IN\C700\1.TIR\;
TIR756;DB;1356;DB1356;AI_FB;ANALOG_IN\C700\1.TIR\;
TIR757;DB;1357;DB1357;AI_FB;ANALOG_IN\C700\1.TIR\;
TIR758;DB;1358;DB1358;AI_FB;ANALOG_IN\C700\1.TIR\;
TIR759;DB;1359;DB1359;AI_FB;ANALOG_IN\C700\1.TIR\;
TIR760;DB;1360;DB1360;AI_FB;ANALOG_IN\C700\1.TIR\;
C700_AI_SET_TIR;DB;1300;DB1300;;ANALOG_IN\C700\1.TIR\;
C700_CTRL_AI_TIR;FC;307;FC307;;ANALOG_IN\C700\1.TIR\;
TIR761;DB;1361;DB1361;AI_FB;ANALOG_IN\C700\1.TIR\;
TIR762;DB;1362;DB1362;AI_FB;ANALOG_IN\C700\1.TIR\;
C700_AI_SET_PIR;DB;1400;DB1400;;ANALOG_IN\C700\2.PIR\;
C700_CTRL_AI_PIR;FC;308;FC308;;ANALOG_IN\C700\2.PIR\;
PIR701;DB;1401;DB1401;AI_FB;ANALOG_IN\C700\2.PIR\;
PIR702;DB;1402;DB1402;AI_FB;ANALOG_IN\C700\2.PIR\;
PIR703;DB;1403;DB1403;AI_FB;ANALOG_IN\C700\2.PIR\;
PIR704;DB;1404;DB1404;AI_FB;ANALOG_IN\C700\2.PIR\;
PIR705;DB;1405;DB1405;AI_FB;ANALOG_IN\C700\2.PIR\;
PIR706;DB;1406;DB1406;AI_FB;ANALOG_IN\C700\2.PIR\;
PIR707;DB;1407;DB1407;AI_FB;ANALOG_IN\C700\2.PIR\;
PIR708;DB;1408;DB1408;AI_FB;ANALOG_IN\C700\2.PIR\;
PIR709;DB;1409;DB1409;AI_FB;ANALOG_IN\C700\2.PIR\;
PIR710;DB;1410;DB1410;AI_FB;ANALOG_IN\C700\2.PIR\;
PIR711;DB;1411;DB1411;AI_FB;ANALOG_IN\C700\2.PIR\;
PIR712;DB;1412;DB1412;AI_FB;ANALOG_IN\C700\2.PIR\;
PIR713;DB;1413;DB1413;AI_FB;ANALOG_IN\C700\2.PIR\;
PIR714;DB;1414;DB1414;AI_FB;ANALOG_IN\C700\2.PIR\;
PIR715;DB;1415;DB1415;AI_FB;ANALOG_IN\C700\2.PIR\;
PIR716;DB;1416;DB1416;AI_FB;ANALOG_IN\C700\2.PIR\;
PIR717;DB;1417;DB1417;AI_FB;ANALOG_IN\C700\2.PIR\;
PIR718;DB;1418;DB1418;AI_FB;ANALOG_IN\C700\2.PIR\;
PIR719;DB;1419;DB1419;AI_FB;ANALOG_IN\C700\2.PIR\;
PIR720;DB;1420;DB1420;AI_FB;ANALOG_IN\C700\2.PIR\;
PIR721;DB;1421;DB1421;AI_FB;ANALOG_IN\C700\2.PIR\;
PIR722;DB;1422;DB1422;AI_FB;ANALOG_IN\C700\2.PIR\;
PIR723;DB;1423;DB1423;AI_FB;ANALOG_IN\C700\2.PIR\;
PIR724;DB;1424;DB1424;AI_FB;ANALOG_IN\C700\2.PIR\;
PIR725;DB;1425;DB1425;AI_FB;ANALOG_IN\C700\2.PIR\;
PIR726;DB;1426;DB1426;AI_FB;ANALOG_IN\C700\2.PIR\;
PIR727;DB;1427;DB1427;AI_FB;ANALOG_IN\C700\2.PIR\;
PIR728;DB;1428;DB1428;AI_FB;ANALOG_IN\C700\2.PIR\;
C700_AI_SET_LIR;DB;1500;DB1500;;ANALOG_IN\C700\3.LIR\;
C700_CTRL_AI_LIR;FC;309;FC309;;ANALOG_IN\C700\3.LIR\;
LIR701;DB;1501;DB1501;AI_FB;ANALOG_IN\C700\3.LIR\;
LIR702;DB;1502;DB1502;AI_FB;ANALOG_IN\C700\3.LIR\;
LIR703;DB;1503;DB1503;AI_FB;ANALOG_IN\C700\3.LIR\;
LIR704;DB;1504;DB1504;AI_FB;ANALOG_IN\C700\3.LIR\;
LIR705;DB;1505;DB1505;AI_FB;ANALOG_IN\C700\3.LIR\;
LIR706;DB;1506;DB1506;AI_FB;ANALOG_IN\C700\3.LIR\;
LIR707;DB;1507;DB1507;AI_FB;ANALOG_IN\C700\3.LIR\;
LIR708;DB;1508;DB1508;AI_FB;ANALOG_IN\C700\3.LIR\;
LIR709;DB;1509;DB1509;AI_FB;ANALOG_IN\C700\3.LIR\;
LIR710;DB;1510;DB1510;AI_FB;ANALOG_IN\C700\3.LIR\;
LIR711;DB;1511;DB1511;AI_FB;ANALOG_IN\C700\3.LIR\;
LIR712;DB;1512;DB1512;AI_FB;ANALOG_IN\C700\3.LIR\;
LIR713;DB;1513;DB1513;AI_FB;ANALOG_IN\C700\3.LIR\;
LIR714;DB;1514;DB1514;AI_FB;ANALOG_IN\C700\3.LIR\;
LIR715;DB;1515;DB1515;AI_FB;ANALOG_IN\C700\3.LIR\;
LIR716;DB;1516;DB1516;AI_FB;ANALOG_IN\C700\3.LIR\;
LIR717;DB;1517;DB1517;AI_FB;ANALOG_IN\C700\3.LIR\;
LIR718;DB;1518;DB1518;AI_FB;ANALOG_IN\C700\3.LIR\;
LIR719;DB;1519;DB1519;AI_FB;ANALOG_IN\C700\3.LIR\;
LIR720;DB;1520;DB1520;AI_FB;ANALOG_IN\C700\3.LIR\;
LIR721;DB;1521;DB1521;AI_FB;ANALOG_IN\C700\3.LIR\;
LIR722;DB;1522;DB1522;AI_FB;ANALOG_IN\C700\3.LIR\;
C700_AI_SET_FIR;DB;1600;DB1600;;ANALOG_IN\C700\4.FIR\;
C700_CTRL_AI_FIR;FC;310;FC310;;ANALOG_IN\C700\4.FIR\;
FIR701;DB;1601;DB1601;AI_FB;ANALOG_IN\C700\4.FIR\;
FIR702;DB;1602;DB1602;AI_FB;ANALOG_IN\C700\4.FIR\;
FIR703;DB;1603;DB1603;AI_FB;ANALOG_IN\C700\4.FIR\;
FIR704;DB;1604;DB1604;AI_FB;ANALOG_IN\C700\4.FIR\;
FIR705;DB;1605;DB1605;AI_FB;ANALOG_IN\C700\4.FIR\;
FIR706;DB;1606;DB1606;AI_FB;ANALOG_IN\C700\4.FIR\;
FIR707;DB;1607;DB1607;AI_FB;ANALOG_IN\C700\4.FIR\;
FIR708;DB;1608;DB1608;AI_FB;ANALOG_IN\C700\4.FIR\;
FIR709;DB;1609;DB1609;AI_FB;ANALOG_IN\C700\4.FIR\;
FIR710;DB;1610;DB1610;AI_FB;ANALOG_IN\C700\4.FIR\;
FIR711;DB;1611;DB1611;AI_FB;ANALOG_IN\C700\4.FIR\;
FIR712;DB;1612;DB1612;AI_FB;ANALOG_IN\C700\4.FIR\;
FIR713;DB;1613;DB1613;AI_FB;ANALOG_IN\C700\4.FIR\;
FIR714;DB;1614;DB1614;AI_FB;ANALOG_IN\C700\4.FIR\;
FIR715;DB;1615;DB1615;AI_FB;ANALOG_IN\C700\4.FIR\;
FIR716;DB;1616;DB1616;AI_FB;ANALOG_IN\C700\4.FIR\;
FIR717;DB;1617;DB1617;AI_FB;ANALOG_IN\C700\4.FIR\;
FIR718;DB;1618;DB1618;AI_FB;ANALOG_IN\C700\4.FIR\;
FIR719;DB;1619;DB1619;AI_FB;ANALOG_IN\C700\4.FIR\;
FIR720;DB;1620;DB1620;AI_FB;ANALOG_IN\C700\4.FIR\;
FIR721;DB;1621;DB1621;AI_FB;ANALOG_IN\C700\4.FIR\;
FIR722;DB;1622;DB1622;AI_FB;ANALOG_IN\C700\4.FIR\;
FIR723;DB;1623;DB1623;AI_FB;ANALOG_IN\C700\4.FIR\;
FIR724;DB;1624;DB1624;AI_FB;ANALOG_IN\C700\4.FIR\;
FIR725;DB;1625;DB1625;AI_FB;ANALOG_IN\C700\4.FIR\;
FIR726;DB;1626;DB1626;AI_FB;ANALOG_IN\C700\4.FIR\;
FIR727;DB;1627;DB1627;AI_FB;ANALOG_IN\C700\4.FIR\;
FIR728;DB;1628;DB1628;AI_FB;ANALOG_IN\C700\4.FIR\;
TIR927;DB;2127;DB2127;AI_FB;ANALOG_IN\C900\1.TIR\;
TIR926;DB;2126;DB2126;AI_FB;ANALOG_IN\C900\1.TIR\;
TIR925;DB;2125;DB2125;AI_FB;ANALOG_IN\C900\1.TIR\;
TIR924;DB;2124;DB2124;AI_FB;ANALOG_IN\C900\1.TIR\;
TIR923;DB;2123;DB2123;AI_FB;ANALOG_IN\C900\1.TIR\;
TIR922;DB;2122;DB2122;AI_FB;ANALOG_IN\C900\1.TIR\;
TIR921;DB;2121;DB2121;AI_FB;ANALOG_IN\C900\1.TIR\;
TIR920;DB;2120;DB2120;AI_FB;ANALOG_IN\C900\1.TIR\;
TIR919;DB;2119;DB2119;AI_FB;ANALOG_IN\C900\1.TIR\;
TIR918;DB;2118;DB2118;AI_FB;ANALOG_IN\C900\1.TIR\;
TIR917;DB;2117;DB2117;AI_FB;ANALOG_IN\C900\1.TIR\;
TIR916;DB;2116;DB2116;AI_FB;ANALOG_IN\C900\1.TIR\;
TIR928;DB;2128;DB2128;AI_FB;ANALOG_IN\C900\1.TIR\;
TIR915;DB;2115;DB2115;AI_FB;ANALOG_IN\C900\1.TIR\;
TIR913;DB;2113;DB2113;AI_FB;ANALOG_IN\C900\1.TIR\;
TIR912;DB;2112;DB2112;AI_FB;ANALOG_IN\C900\1.TIR\;
TIR911;DB;2111;DB2111;AI_FB;ANALOG_IN\C900\1.TIR\;
TIR910;DB;2110;DB2110;AI_FB;ANALOG_IN\C900\1.TIR\;
TIR909;DB;2109;DB2109;AI_FB;ANALOG_IN\C900\1.TIR\;
TIR908;DB;2108;DB2108;AI_FB;ANALOG_IN\C900\1.TIR\;
TIR907;DB;2107;DB2107;AI_FB;ANALOG_IN\C900\1.TIR\;
TIR906;DB;2106;DB2106;AI_FB;ANALOG_IN\C900\1.TIR\;
TIR905;DB;2105;DB2105;AI_FB;ANALOG_IN\C900\1.TIR\;
TIR904;DB;2104;DB2104;AI_FB;ANALOG_IN\C900\1.TIR\;
TIR903;DB;2103;DB2103;AI_FB;ANALOG_IN\C900\1.TIR\;
TIR902;DB;2102;DB2102;AI_FB;ANALOG_IN\C900\1.TIR\;
TIR914;DB;2114;DB2114;AI_FB;ANALOG_IN\C900\1.TIR\;
TIR929;DB;2129;DB2129;AI_FB;ANALOG_IN\C900\1.TIR\;
TIR901;DB;2101;DB2101;AI_FB;ANALOG_IN\C900\1.TIR\;
TIR930;DB;2130;DB2130;AI_FB;ANALOG_IN\C900\1.TIR\;
TIR931;DB;2131;DB2131;AI_FB;ANALOG_IN\C900\1.TIR\;
C900_AI_SET_TIR;DB;2100;DB2100;;ANALOG_IN\C900\1.TIR\;
C900_CTRL_AI_TIR;FC;315;FC315;;ANALOG_IN\C900\1.TIR\;
C900_AI_SET_PIR;DB;2200;DB2200;;ANALOG_IN\C900\2.PIR\;
C900_CTRL_AI_PIR;FC;316;FC316;;ANALOG_IN\C900\2.PIR\;
PIR901;DB;2201;DB2201;AI_FB;ANALOG_IN\C900\2.PIR\;
PIR902;DB;2202;DB2202;AI_FB;ANALOG_IN\C900\2.PIR\;
PIR903;DB;2203;DB2203;AI_FB;ANALOG_IN\C900\2.PIR\;
PIR904;DB;2204;DB2204;AI_FB;ANALOG_IN\C900\2.PIR\;
PIR905;DB;2205;DB2205;AI_FB;ANALOG_IN\C900\2.PIR\;
PIR906;DB;2206;DB2206;AI_FB;ANALOG_IN\C900\2.PIR\;
PIR907;DB;2207;DB2207;AI_FB;ANALOG_IN\C900\2.PIR\;
PIR908;DB;2208;DB2208;AI_FB;ANALOG_IN\C900\2.PIR\;
PIR909;DB;2209;DB2209;AI_FB;ANALOG_IN\C900\2.PIR\;
PIR910;DB;2210;DB2210;AI_FB;ANALOG_IN\C900\2.PIR\;
PIR911;DB;2211;DB2211;AI_FB;ANALOG_IN\C900\2.PIR\;
PIR912;DB;2212;DB2212;AI_FB;ANALOG_IN\C900\2.PIR\;
PIR913;DB;2213;DB2213;AI_FB;ANALOG_IN\C900\2.PIR\;
PIR914;DB;2214;DB2214;AI_FB;ANALOG_IN\C900\2.PIR\;
PIR915;DB;2215;DB2215;AI_FB;ANALOG_IN\C900\2.PIR\;
PIR916;DB;2216;DB2216;AI_FB;ANALOG_IN\C900\2.PIR\;
PIR917;DB;2217;DB2217;AI_FB;ANALOG_IN\C900\2.PIR\;
PIR918;DB;2218;DB2218;AI_FB;ANALOG_IN\C900\2.PIR\;
PIR919;DB;2219;DB2219;AI_FB;ANALOG_IN\C900\2.PIR\;
PIR920;DB;2220;DB2220;AI_FB;ANALOG_IN\C900\2.PIR\;
C900_AI_SET_LIR;DB;2300;DB2300;;ANALOG_IN\C900\3.LIR\;
C900_CTRL_AI_LIR;FC;317;FC317;;ANALOG_IN\C900\3.LIR\;
LIR901;DB;2302;DB2302;AI_FB;ANALOG_IN\C900\3.LIR\;
LIR902;DB;2303;DB2303;AI_FB;ANALOG_IN\C900\3.LIR\;
LIR903;DB;2304;DB2304;AI_FB;ANALOG_IN\C900\3.LIR\;
LIR904;DB;2305;DB2305;AI_FB;ANALOG_IN\C900\3.LIR\;
LIR905;DB;2306;DB2306;AI_FB;ANALOG_IN\C900\3.LIR\;
LIR906;DB;2307;DB2307;AI_FB;ANALOG_IN\C900\3.LIR\;
LIR907;DB;2308;DB2308;AI_FB;ANALOG_IN\C900\3.LIR\;
LIR908;DB;2309;DB2309;AI_FB;ANALOG_IN\C900\3.LIR\;
LIR909;DB;2310;DB2310;AI_FB;ANALOG_IN\C900\3.LIR\;
LIR910;DB;2311;DB2311;AI_FB;ANALOG_IN\C900\3.LIR\;
LIR911;DB;2312;DB2312;AI_FB;ANALOG_IN\C900\3.LIR\;
LIR912;DB;2313;DB2313;AI_FB;ANALOG_IN\C900\3.LIR\;
LIR913;DB;2314;DB2314;AI_FB;ANALOG_IN\C900\3.LIR\;
LIR914;DB;2315;DB2315;AI_FB;ANALOG_IN\C900\3.LIR\;
LIR900;DB;2301;DB2301;AI_FB;ANALOG_IN\C900\3.LIR\;
C900_AI_SET_FIR;DB;2400;DB2400;;ANALOG_IN\C900\4.FIR\;
C900_CTRL_AI_FIR;FC;318;FC318;;ANALOG_IN\C900\4.FIR\;
FIR901;DB;2401;DB2401;AI_FB;ANALOG_IN\C900\4.FIR\;
FIR902;DB;2402;DB2402;AI_FB;ANALOG_IN\C900\4.FIR\;
FIR903;DB;2403;DB2403;AI_FB;ANALOG_IN\C900\4.FIR\;
FIR904;DB;2404;DB2404;AI_FB;ANALOG_IN\C900\4.FIR\;
FIR905;DB;2405;DB2405;AI_FB;ANALOG_IN\C900\4.FIR\;
FIR906;DB;2406;DB2406;AI_FB;ANALOG_IN\C900\4.FIR\;
FIR907;DB;2407;DB2407;AI_FB;ANALOG_IN\C900\4.FIR\;
FIR908;DB;2408;DB2408;AI_FB;ANALOG_IN\C900\4.FIR\;
FIR909;DB;2409;DB2409;AI_FB;ANALOG_IN\C900\4.FIR\;
FIR910;DB;2410;DB2410;AI_FB;ANALOG_IN\C900\4.FIR\;
FIR911;DB;2411;DB2411;AI_FB;ANALOG_IN\C900\4.FIR\;
FIR912;DB;2412;DB2412;AI_FB;ANALOG_IN\C900\4.FIR\;
C600_CTRL_CMD;FB;60;FB60;;CMD\C600\;
C600_CMD;DB;60;DB60;C600_CTRL_CMD;CMD\C600\;
C700_CTRL_CMD;FB;61;FB61;;CMD\C700\;
C700_CMD;DB;61;DB61;C700_CTRL_CMD;CMD\C700\;
C500_CTRL_CMD;FB;62;FB62;;CMD\C500\;
C500_CMD;DB;62;DB62;C500_CTRL_CMD;CMD\C500\;
C900_CTRL_CMD;FB;63;FB63;;CMD\C900\;
C900_CMD;DB;63;DB63;C900_CTRL_CMD;CMD\C900\;
AO_FB;FB;800;FB800;;REGULATION\;
AO_VLV_FB;FB;801;FB801;;REGULATION\;
MOVE_PID_SET;FC;801;FC801;;REGULATION\;
REG_1PID;FC;805;FC805;;REGULATION\;
REG_2VLV_1PID;FC;807;FC807;;REGULATION\;
AO_FC;FC;803;FC803;;REGULATION\;
CTRL_REG_C600;FC;800;FC800;;REGULATION\C600\;
C600_AO_SET;DB;800;DB800;;REGULATION\C600\;
C600_PID_SET;DB;700;DB700;;REGULATION\C600\;
C600_REGULATION;DB;80;DB80;;REGULATION\C600\;
AO_Erros;DB;4;DB4;;REGULATION\C600\;
TV617;DB;801;DB801;AO_VLV_FB;REGULATION\C600\1. VALVE\;
TV632;DB;802;DB802;AO_VLV_FB;REGULATION\C600\1. VALVE\;
TV640-1;DB;803;DB803;AO_VLV_FB;REGULATION\C600\1. VALVE\;
TV640-2;DB;804;DB804;AO_VLV_FB;REGULATION\C600\1. VALVE\;
TV642-1;DB;805;DB805;AO_VLV_FB;REGULATION\C600\1. VALVE\;
TV642-2;DB;806;DB806;AO_VLV_FB;REGULATION\C600\1. VALVE\;
PV602-1;DB;807;DB807;AO_VLV_FB;REGULATION\C600\1. VALVE\;
PV602-2;DB;808;DB808;AO_VLV_FB;REGULATION\C600\1. VALVE\;
PV603;DB;809;DB809;AO_VLV_FB;REGULATION\C600\1. VALVE\;
PV604;DB;810;DB810;AO_VLV_FB;REGULATION\C600\1. VALVE\;
PV609-1;DB;811;DB811;AO_VLV_FB;REGULATION\C600\1. VALVE\;
PV609-2;DB;812;DB812;AO_VLV_FB;REGULATION\C600\1. VALVE\;
PV612;DB;813;DB813;AO_VLV_FB;REGULATION\C600\1. VALVE\;
PV619;DB;815;DB815;AO_VLV_FB;REGULATION\C600\1. VALVE\;
LV604;DB;817;DB817;AO_VLV_FB;REGULATION\C600\1. VALVE\;
LV611;DB;818;DB818;AO_VLV_FB;REGULATION\C600\1. VALVE\;
LV615;DB;819;DB819;AO_VLV_FB;REGULATION\C600\1. VALVE\;
FV604;DB;821;DB821;AO_VLV_FB;REGULATION\C600\1. VALVE\;
LV617;DB;820;DB820;AO_VLV_FB;REGULATION\C600\1. VALVE\;
FV612;DB;822;DB822;AO_VLV_FB;REGULATION\C600\1. VALVE\;
FV615;DB;823;DB823;AO_VLV_FB;REGULATION\C600\1. VALVE\;
FV618;DB;824;DB824;AO_VLV_FB;REGULATION\C600\1. VALVE\;
FV619;DB;825;DB825;AO_VLV_FB;REGULATION\C600\1. VALVE\;
FV620;DB;826;DB826;AO_VLV_FB;REGULATION\C600\1. VALVE\;
UTV640-1;DB;827;DB827;AO_VLV_FB;REGULATION\C600\1. VALVE\;
UTV640-2;DB;828;DB828;AO_VLV_FB;REGULATION\C600\1. VALVE\;
UTV642-1;DB;829;DB829;AO_VLV_FB;REGULATION\C600\1. VALVE\;
UTV642-2;DB;830;DB830;AO_VLV_FB;REGULATION\C600\1. VALVE\;
PV618;DB;814;DB814;AO_VLV_FB;REGULATION\C600\1. VALVE\;
UFV612;DB;831;DB831;AO_VLV_FB;REGULATION\C600\1. VALVE\;
PV621;DB;816;DB816;AO_VLV_FB;REGULATION\C600\1. VALVE\;
PV6101-1;DB;832;DB832;AO_VLV_FB;REGULATION\C600\1. VALVE\;
PV6101-2;DB;833;DB833;AO_VLV_FB;REGULATION\C600\1. VALVE\;
PV6105;DB;834;DB834;AO_VLV_FB;REGULATION\C600\1. VALVE\;
PV6121;DB;835;DB835;AO_VLV_FB;REGULATION\C600\1. VALVE\;
PV6124;DB;836;DB836;AO_VLV_FB;REGULATION\C600\1. VALVE\;
PV6128;DB;837;DB837;AO_VLV_FB;REGULATION\C600\1. VALVE\;
LV6104;DB;838;DB838;AO_VLV_FB;REGULATION\C600\1. VALVE\;
LV6112;DB;839;DB839;AO_VLV_FB;REGULATION\C600\1. VALVE\;
FV6103;DB;840;DB840;AO_VLV_FB;REGULATION\C600\1. VALVE\;
FV6106;DB;841;DB841;AO_VLV_FB;REGULATION\C600\1. VALVE\;
FV6107;DB;842;DB842;AO_VLV_FB;REGULATION\C600\1. VALVE\;
FV6108;DB;843;DB843;AO_VLV_FB;REGULATION\C600\1. VALVE\;
FV6110;DB;844;DB844;AO_VLV_FB;REGULATION\C600\1. VALVE\;
BUFFER_DEMUX;FC;11;FC11;;BUFFER\;
BUFFER_GET_STS;FC;12;FC12;;BUFFER\;
RW_BUFFER_AI;DB;10;DB10;;BUFFER\;
RW_BUFFER_PID;DB;12;DB12;;BUFFER\;
RW_BUFFER_AO;DB;11;DB11;;BUFFER\;
CONTROL_BUFFER;FC;10;FC10;;BUFFER\;
RW_BUFFER_SET_MECH;DB;13;DB13;;BUFFER\;
RW_BUFFER_STS_MECH_1;DB;14;DB14;;BUFFER\;
RW_BUFFER_STS_MECH_2;DB;15;DB15;;BUFFER\;
RW_BUFFER_STS_VFD_1;DB;16;DB16;;BUFFER\;
RW_BUFFER_STS_VFD_2;DB;17;DB17;;BUFFER\;
VFD_E_MODBUS;FB;901;FB901;;MODBUS\;
MB_BX601/1-1;DB;940;DB940;VFD_E_MODBUS;MODBUS\C600\;
MB_BX601/1-3;DB;941;DB941;VFD_E_MODBUS;MODBUS\C600\;
MB_BX601/1-5;DB;942;DB942;VFD_E_MODBUS;MODBUS\C600\;
MB_BX601/2-1;DB;943;DB943;VFD_E_MODBUS;MODBUS\C600\;
MB_BX601/2-3;DB;944;DB944;VFD_E_MODBUS;MODBUS\C600\;
MB_BX601/2-5;DB;945;DB945;VFD_E_MODBUS;MODBUS\C600\;
MB_BX602/1-1;DB;946;DB946;VFD_E_MODBUS;MODBUS\C600\;
MB_BX602/1-3;DB;947;DB947;VFD_E_MODBUS;MODBUS\C600\;
MB_BX602/1-5;DB;948;DB948;VFD_E_MODBUS;MODBUS\C600\;
MB_BX602/2-1;DB;949;DB949;VFD_E_MODBUS;MODBUS\C600\;
MB_BX602/2-3;DB;950;DB950;VFD_E_MODBUS;MODBUS\C600\;
MB_BX602/2-5;DB;951;DB951;VFD_E_MODBUS;MODBUS\C600\;
MB_BX602/3-1;DB;952;DB952;VFD_E_MODBUS;MODBUS\C600\;
MB_BX602/3-3;DB;953;DB953;VFD_E_MODBUS;MODBUS\C600\;
MB_BX602/3-5;DB;954;DB954;VFD_E_MODBUS;MODBUS\C600\;
MB_BX603/1-1;DB;955;DB955;VFD_E_MODBUS;MODBUS\C600\;
MB_BX603/1-3;DB;956;DB956;VFD_E_MODBUS;MODBUS\C600\;
MB_BX603/2-1;DB;957;DB957;VFD_E_MODBUS;MODBUS\C600\;
MB_BX603/2-3;DB;958;DB958;VFD_E_MODBUS;MODBUS\C600\;
MB_H5_H6;DB;901;DB901;VFD_E_MODBUS;MODBUS\C600\;
MB_H6_Spare;DB;902;DB902;VFD_E_MODBUS;MODBUS\C600\;
MB_H13;DB;903;DB903;VFD_E_MODBUS;MODBUS\C600\;
MB_H61/1_H61/2;DB;904;DB904;VFD_E_MODBUS;MODBUS\C600\;
MB_H61/2_spare;DB;905;DB905;VFD_E_MODBUS;MODBUS\C600\;
MB_H62/1_H62/2;DB;906;DB906;VFD_E_MODBUS;MODBUS\C600\;
MB_H62/2_spare;DB;907;DB907;VFD_E_MODBUS;MODBUS\C600\;
MB_H601/1;DB;908;DB908;VFD_E_MODBUS;MODBUS\C600\;
MB_H601/2;DB;909;DB909;VFD_E_MODBUS;MODBUS\C600\;
MB_H601/3;DB;910;DB910;VFD_E_MODBUS;MODBUS\C600\;
MB_H601/4;DB;911;DB911;VFD_E_MODBUS;MODBUS\C600\;
MB_H601/5;DB;912;DB912;VFD_E_MODBUS;MODBUS\C600\;
MB_H601/6;DB;913;DB913;VFD_E_MODBUS;MODBUS\C600\;
MB_H601/7;DB;914;DB914;VFD_E_MODBUS;MODBUS\C600\;
MB_H602/1;DB;915;DB915;VFD_E_MODBUS;MODBUS\C600\;
MB_H602/2;DB;916;DB916;VFD_E_MODBUS;MODBUS\C600\;
MB_H602/3;DB;917;DB917;VFD_E_MODBUS;MODBUS\C600\;
MB_H602/4;DB;918;DB918;VFD_E_MODBUS;MODBUS\C600\;
MB_H602/5;DB;919;DB919;VFD_E_MODBUS;MODBUS\C600\;
CTRL_MBUS_RTU;FB;900;FB900;;MODBUS\C600\;
CTL_MB_RTU;DB;900;DB900;CTRL_MBUS_RTU;MODBUS\C600\;
FLOW_LIQ_NORM_CNT;FB;84;FB84;;COUNT\;
FLOW_LIQ_GENER_REPORT;FC;1;FC1;;COUNT\;
Hourly;OB;10;OB10;;COUNT\;
FLOW_GAS_NORM_CNT;FB;85;FB85;;COUNT\;
FLOW_GAS_GENER_REPORT;FC;2;FC2;;COUNT\;
C600_NORMALIZ;DB;40;DB40;;COUNT\C600\;
C600_REPORT;DB;50;DB50;;COUNT\C600\;
C600_CTRL_FLOW_NORM;DB;83;DB83;C600_CTRL_FLW_NORM;COUNT\C600\;
C600_CTRL_FLW_NORM;FB;40;FB40;;COUNT\C600\;
C600_CTRL_REPORT_HOURLY;FC;50;FC50;;COUNT\C600\;
SYSDT;FB;3;FB3;;DATE_TIME\;
SYS_TIME;DB;3;DB3;SYSDT;DATE_TIME\;
ESD_D_FB;FB;7;FB7;;ESD_BLOCK\;
ESD_A;FC;20;FC20;;ESD_BLOCK\;
ESD_OVH;FC;70;FC70;;ESD_BLOCK\;
ESD_D;FC;21;FC21;;ESD_BLOCK\;
C600_CTRL_BLOCK;FB;70;FB70;;ESD_BLOCK\C600\;
C600_ESD;DB;70;DB70;C600_CTRL_BLOCK;ESD_BLOCK\C600\;
C600_ESD_SET;DB;20;DB20;;ESD_BLOCK\C600\;
C600_ESD_STS;DB;30;DB30;;ESD_BLOCK\C600\;
C500_ESD_SET;DB;22;DB22;;ESD_BLOCK\C500\;
C500_ESD_STS;DB;32;DB32;;ESD_BLOCK\C500\;
C500_CTRL_BLOCK;FB;73;FB73;;ESD_BLOCK\C500\;
C500_ESD;DB;72;DB72;C500_CTRL_BLOCK;ESD_BLOCK\C500\;
C700_ESD_SET;DB;21;DB21;;ESD_BLOCK\C700\;
C700_ESD_STS;DB;31;DB31;;ESD_BLOCK\C700\;
C700_CTRL_BLOCK;FB;71;FB71;;ESD_BLOCK\C700\;
C700_ESD;DB;71;DB71;C700_CTRL_BLOCK;ESD_BLOCK\C700\;
C900_CTRL_BLOCK;FB;72;FB72;;ESD_BLOCK\C900\;
C900_ESD;DB;73;DB73;C900_CTRL_BLOCK;ESD_BLOCK\C900\;
MOTOR_FC_TYPE_1;FB;101;FB101;;MECH\;
MOTOR_FC_TYPE_2;FB;102;FB102;;MECH\;
MOTOR_FC_TYPE_4;FB;104;FB104;;MECH\;
VALVE_SMPL;FB;201;FB201;;MECH\;
C600_MECH_SET;DB;100;DB100;;MECH\C600\;
C600_VLV_SET;DB;200;DB200;;MECH\C600\;
C600_CTRL_DRV;FC;101;FC101;;MECH\C600\;
H61/1;DB;104;DB104;MOTOR_FC_TYPE_1;MECH\C600\1. MOTOR\;
H61/2;DB;105;DB105;MOTOR_FC_TYPE_1;MECH\C600\1. MOTOR\;
H62/1;DB;106;DB106;MOTOR_FC_TYPE_1;MECH\C600\1. MOTOR\;
H62/2;DB;107;DB107;MOTOR_FC_TYPE_1;MECH\C600\1. MOTOR\;
H601/1;DB;108;DB108;MOTOR_FC_TYPE_1;MECH\C600\1. MOTOR\;
H601/2;DB;109;DB109;MOTOR_FC_TYPE_1;MECH\C600\1. MOTOR\;
H601/6;DB;113;DB113;MOTOR_FC_TYPE_1;MECH\C600\1. MOTOR\;
H601/7;DB;114;DB114;MOTOR_FC_TYPE_1;MECH\C600\1. MOTOR\;
H602/1;DB;115;DB115;MOTOR_FC_TYPE_1;MECH\C600\1. MOTOR\;
H602/2;DB;116;DB116;MOTOR_FC_TYPE_1;MECH\C600\1. MOTOR\;
H5;DB;101;DB101;MOTOR_FC_TYPE_1;MECH\C600\1. MOTOR\;
H6;DB;102;DB102;MOTOR_FC_TYPE_1;MECH\C600\1. MOTOR\;
H13;DB;103;DB103;MOTOR_FC_TYPE_1;MECH\C600\1. MOTOR\;
H601/3;DB;110;DB110;MOTOR_FC_TYPE_1;MECH\C600\1. MOTOR\;
H601/4;DB;111;DB111;MOTOR_FC_TYPE_1;MECH\C600\1. MOTOR\;
H601/5;DB;112;DB112;MOTOR_FC_TYPE_1;MECH\C600\1. MOTOR\;
H602/3;DB;117;DB117;MOTOR_FC_TYPE_1;MECH\C600\1. MOTOR\;
H602/4;DB;118;DB118;MOTOR_FC_TYPE_1;MECH\C600\1. MOTOR\;
H602/5;DB;119;DB119;MOTOR_FC_TYPE_1;MECH\C600\1. MOTOR\;
BX601/1-2;DB;125;DB125;MOTOR_FC_TYPE_4;MECH\C600\1. MOTOR\;
BX601/1-4;DB;127;DB127;MOTOR_FC_TYPE_4;MECH\C600\1. MOTOR\;
BX601/1-1;DB;124;DB124;MOTOR_FC_TYPE_2;MECH\C600\1. MOTOR\;
BX601/1-3;DB;126;DB126;MOTOR_FC_TYPE_2;MECH\C600\1. MOTOR\;
BX601/1-5;DB;128;DB128;MOTOR_FC_TYPE_2;MECH\C600\1. MOTOR\;
H611/1;DB;120;DB120;MOTOR_FC_TYPE_4;MECH\C600\1. MOTOR\;
H611/2;DB;121;DB121;MOTOR_FC_TYPE_4;MECH\C600\1. MOTOR\;
H616/1;DB;122;DB122;MOTOR_FC_TYPE_4;MECH\C600\1. MOTOR\;
H616/2;DB;123;DB123;MOTOR_FC_TYPE_4;MECH\C600\1. MOTOR\;
BX601/2-1;DB;129;DB129;MOTOR_FC_TYPE_2;MECH\C600\1. MOTOR\;
BX601/2-2;DB;130;DB130;MOTOR_FC_TYPE_4;MECH\C600\1. MOTOR\;
BX601/2-3;DB;131;DB131;MOTOR_FC_TYPE_2;MECH\C600\1. MOTOR\;
BX601/2-4;DB;132;DB132;MOTOR_FC_TYPE_4;MECH\C600\1. MOTOR\;
BX601/2-5;DB;133;DB133;MOTOR_FC_TYPE_2;MECH\C600\1. MOTOR\;
BX601/4-1;DB;134;DB134;MOTOR_FC_TYPE_4;MECH\C600\1. MOTOR\;
BX601/4-2;DB;135;DB135;MOTOR_FC_TYPE_4;MECH\C600\1. MOTOR\;
BX601/4-3;DB;136;DB136;MOTOR_FC_TYPE_4;MECH\C600\1. MOTOR\;
BX602/1-1;DB;137;DB137;MOTOR_FC_TYPE_2;MECH\C600\1. MOTOR\;
BX602/1-2;DB;138;DB138;MOTOR_FC_TYPE_4;MECH\C600\1. MOTOR\;
BX602/1-3;DB;139;DB139;MOTOR_FC_TYPE_2;MECH\C600\1. MOTOR\;
BX602/1-4;DB;140;DB140;MOTOR_FC_TYPE_4;MECH\C600\1. MOTOR\;
BX602/1-5;DB;141;DB141;MOTOR_FC_TYPE_2;MECH\C600\1. MOTOR\;
BX602/2-1;DB;142;DB142;MOTOR_FC_TYPE_2;MECH\C600\1. MOTOR\;
BX602/2-2;DB;143;DB143;MOTOR_FC_TYPE_4;MECH\C600\1. MOTOR\;
BX602/2-3;DB;144;DB144;MOTOR_FC_TYPE_2;MECH\C600\1. MOTOR\;
BX602/2-4;DB;145;DB145;MOTOR_FC_TYPE_4;MECH\C600\1. MOTOR\;
BX602/2-5;DB;146;DB146;MOTOR_FC_TYPE_2;MECH\C600\1. MOTOR\;
BX602/3-1;DB;147;DB147;MOTOR_FC_TYPE_2;MECH\C600\1. MOTOR\;
BX602/3-2;DB;148;DB148;MOTOR_FC_TYPE_4;MECH\C600\1. MOTOR\;
BX602/3-3;DB;149;DB149;MOTOR_FC_TYPE_2;MECH\C600\1. MOTOR\;
BX602/3-4;DB;150;DB150;MOTOR_FC_TYPE_4;MECH\C600\1. MOTOR\;
BX602/3-5;DB;151;DB151;MOTOR_FC_TYPE_2;MECH\C600\1. MOTOR\;
BX602/4-1;DB;152;DB152;MOTOR_FC_TYPE_4;MECH\C600\1. MOTOR\;
BX602/4-2;DB;153;DB153;MOTOR_FC_TYPE_4;MECH\C600\1. MOTOR\;
BX602/4-3;DB;154;DB154;MOTOR_FC_TYPE_4;MECH\C600\1. MOTOR\;
BX603/1-1;DB;155;DB155;MOTOR_FC_TYPE_2;MECH\C600\1. MOTOR\;
BX603/1-2;DB;156;DB156;MOTOR_FC_TYPE_4;MECH\C600\1. MOTOR\;
BX603/1-3;DB;157;DB157;MOTOR_FC_TYPE_2;MECH\C600\1. MOTOR\;
BX603/1-4;DB;158;DB158;MOTOR_FC_TYPE_4;MECH\C600\1. MOTOR\;
BX603/2-1;DB;159;DB159;MOTOR_FC_TYPE_2;MECH\C600\1. MOTOR\;
BX603/2-2;DB;160;DB160;MOTOR_FC_TYPE_4;MECH\C600\1. MOTOR\;
BX603/2-3;DB;161;DB161;MOTOR_FC_TYPE_2;MECH\C600\1. MOTOR\;
BX603/2-4;DB;162;DB162;MOTOR_FC_TYPE_4;MECH\C600\1. MOTOR\;
G601;DB;163;DB163;MOTOR_FC_TYPE_4;MECH\C600\1. MOTOR\;
H603/1;DB;164;DB164;MOTOR_FC_TYPE_1;MECH\C600\1. MOTOR\;
H603/2;DB;165;DB165;MOTOR_FC_TYPE_1;MECH\C600\1. MOTOR\;
H617/1;DB;174;DB174;MOTOR_FC_TYPE_1;MECH\C600\1. MOTOR\;
H617/2;DB;175;DB175;MOTOR_FC_TYPE_1;MECH\C600\1. MOTOR\;
H613/1;DB;168;DB168;MOTOR_FC_TYPE_1;MECH\C600\1. MOTOR\;
H613/2;DB;169;DB169;MOTOR_FC_TYPE_1;MECH\C600\1. MOTOR\;
H612/1;DB;166;DB166;MOTOR_FC_TYPE_1;MECH\C600\1. MOTOR\;
H612/2;DB;167;DB167;MOTOR_FC_TYPE_1;MECH\C600\1. MOTOR\;
H614/1;DB;170;DB170;MOTOR_FC_TYPE_1;MECH\C600\1. MOTOR\;
H614/2;DB;171;DB171;MOTOR_FC_TYPE_1;MECH\C600\1. MOTOR\;
H614/3;DB;172;DB172;MOTOR_FC_TYPE_1;MECH\C600\1. MOTOR\;
H614/4;DB;173;DB173;MOTOR_FC_TYPE_1;MECH\C600\1. MOTOR\;
H605/1;DB;176;DB176;MOTOR_FC_TYPE_1;MECH\C600\1. MOTOR\;
H605/2;DB;177;DB177;MOTOR_FC_TYPE_1;MECH\C600\1. MOTOR\;
H6/3;DB;178;DB178;MOTOR_FC_TYPE_1;MECH\C600\1. MOTOR\;
H6/4;DB;179;DB179;MOTOR_FC_TYPE_1;MECH\C600\1. MOTOR\;
H6/5;DB;180;DB180;MOTOR_FC_TYPE_1;MECH\C600\1. MOTOR\;
UV6104;DB;201;DB201;VALVE_SMPL;MECH\C600\2. VALVE\;
UV6105;DB;202;DB202;VALVE_SMPL;MECH\C600\2. VALVE\;
UV6106;DB;203;DB203;VALVE_SMPL;MECH\C600\2. VALVE\;
UV6107;DB;204;DB204;VALVE_SMPL;MECH\C600\2. VALVE\;
UV6108;DB;205;DB205;VALVE_SMPL;MECH\C600\2. VALVE\;
UV6114;DB;206;DB206;VALVE_SMPL;MECH\C600\2. VALVE\;
UV6116;DB;207;DB207;VALVE_SMPL;MECH\C600\2. VALVE\;
UV6117;DB;208;DB208;VALVE_SMPL;MECH\C600\2. VALVE\;
UV6118;DB;209;DB209;VALVE_SMPL;MECH\C600\2. VALVE\;
UV6202;DB;211;DB211;VALVE_SMPL;MECH\C600\2. VALVE\;
UV6203;DB;212;DB212;VALVE_SMPL;MECH\C600\2. VALVE\;
UV6204;DB;213;DB213;VALVE_SMPL;MECH\C600\2. VALVE\;
UV6209;DB;218;DB218;VALVE_SMPL;MECH\C600\2. VALVE\;
UV6210;DB;219;DB219;VALVE_SMPL;MECH\C600\2. VALVE\;
UV6211;DB;220;DB220;VALVE_SMPL;MECH\C600\2. VALVE\;
UV6212;DB;221;DB221;VALVE_SMPL;MECH\C600\2. VALVE\;
UV6201;DB;210;DB210;VALVE_SMPL;MECH\C600\2. VALVE\;
UV6205;DB;214;DB214;VALVE_SMPL;MECH\C600\2. VALVE\;
UV6206;DB;215;DB215;VALVE_SMPL;MECH\C600\2. VALVE\;
UV6207;DB;216;DB216;VALVE_SMPL;MECH\C600\2. VALVE\;
UV6208;DB;217;DB217;VALVE_SMPL;MECH\C600\2. VALVE\;
UV6213;DB;222;DB222;VALVE_SMPL;MECH\C600\2. VALVE\;
UV6214;DB;223;DB223;VALVE_SMPL;MECH\C600\2. VALVE\;
UV6215;DB;224;DB224;VALVE_SMPL;MECH\C600\2. VALVE\;
UV6216;DB;225;DB225;VALVE_SMPL;MECH\C600\2. VALVE\;
UV6217;DB;226;DB226;VALVE_SMPL;MECH\C600\2. VALVE\;
C700_MECH_SET;DB;2500;DB2500;;MECH\C700\;
C700_VLV_SET;DB;2600;DB2600;;MECH\C700\;
C700_CTRL_DRV;FC;102;FC102;;MECH\C700\;
H9/1;DB;2501;DB2501;MOTOR_FC_TYPE_1;MECH\C700\1.MOTOR\;
H9/2;DB;2502;DB2502;MOTOR_FC_TYPE_1;MECH\C700\1.MOTOR\;
H9/3;DB;2503;DB2503;MOTOR_FC_TYPE_1;MECH\C700\1.MOTOR\;
H9/4;DB;2504;DB2504;MOTOR_FC_TYPE_1;MECH\C700\1.MOTOR\;
H9/5;DB;2505;DB2505;MOTOR_FC_TYPE_1;MECH\C700\1.MOTOR\;
H9/6;DB;2506;DB2506;MOTOR_FC_TYPE_1;MECH\C700\1.MOTOR\;
H9/7;DB;2507;DB2507;MOTOR_FC_TYPE_1;MECH\C700\1.MOTOR\;
H9/8;DB;2508;DB2508;MOTOR_FC_TYPE_1;MECH\C700\1.MOTOR\;
H9/9;DB;2509;DB2509;MOTOR_FC_TYPE_1;MECH\C700\1.MOTOR\;
H9/10;DB;2510;DB2510;MOTOR_FC_TYPE_1;MECH\C700\1.MOTOR\;
H701/1;DB;2511;DB2511;MOTOR_FC_TYPE_1;MECH\C700\1.MOTOR\;
H701/2;DB;2512;DB2512;MOTOR_FC_TYPE_1;MECH\C700\1.MOTOR\;
H701/3;DB;2513;DB2513;MOTOR_FC_TYPE_1;MECH\C700\1.MOTOR\;
H701/4;DB;2514;DB2514;MOTOR_FC_TYPE_1;MECH\C700\1.MOTOR\;
H701/5;DB;2515;DB2515;MOTOR_FC_TYPE_1;MECH\C700\1.MOTOR\;
UV701;DB;2601;DB2601;VALVE_SMPL;MECH\C700\2. VALVE\;
UV702;DB;2602;DB2602;VALVE_SMPL;MECH\C700\2. VALVE\;
UV703;DB;2603;DB2603;VALVE_SMPL;MECH\C700\2. VALVE\;
UV704;DB;2604;DB2604;VALVE_SMPL;MECH\C700\2. VALVE\;
UV705;DB;2605;DB2605;VALVE_SMPL;MECH\C700\2. VALVE\;
UV706;DB;2606;DB2606;VALVE_SMPL;MECH\C700\2. VALVE\;
UV707;DB;2607;DB2607;VALVE_SMPL;MECH\C700\2. VALVE\;
UV708;DB;2608;DB2608;VALVE_SMPL;MECH\C700\2. VALVE\;
UV709;DB;2609;DB2609;VALVE_SMPL;MECH\C700\2. VALVE\;
C500_MECH_SET;DB;2700;DB2700;;MECH\C500\;
C500_VLV_SET;DB;2800;DB2800;;MECH\C500\;
C500_CTRL_DRV;FC;100;FC100;;MECH\C500\;
H501/4;DB;2704;DB2704;MOTOR_FC_TYPE_1;MECH\C500\1.MOTOR\;
H501/5;DB;2705;DB2705;MOTOR_FC_TYPE_1;MECH\C500\1.MOTOR\;
H501/1;DB;2701;DB2701;MOTOR_FC_TYPE_1;MECH\C500\1.MOTOR\;
H501/2;DB;2702;DB2702;MOTOR_FC_TYPE_1;MECH\C500\1.MOTOR\;
H501/3;DB;2703;DB2703;MOTOR_FC_TYPE_1;MECH\C500\1.MOTOR\;
H502/1;DB;2706;DB2706;MOTOR_FC_TYPE_1;MECH\C500\1.MOTOR\;
H502/2;DB;2707;DB2707;MOTOR_FC_TYPE_1;MECH\C500\1.MOTOR\;
H502/3;DB;2708;DB2708;MOTOR_FC_TYPE_1;MECH\C500\1.MOTOR\;
H502/4;DB;2709;DB2709;MOTOR_FC_TYPE_1;MECH\C500\1.MOTOR\;
H502/5;DB;2710;DB2710;MOTOR_FC_TYPE_1;MECH\C500\1.MOTOR\;
H502/6;DB;2711;DB2711;MOTOR_FC_TYPE_1;MECH\C500\1.MOTOR\;
H502/7;DB;2712;DB2712;MOTOR_FC_TYPE_1;MECH\C500\1.MOTOR\;
H503/3;DB;2713;DB2713;MOTOR_FC_TYPE_1;MECH\C500\1.MOTOR\;
H503/4;DB;2714;DB2714;MOTOR_FC_TYPE_1;MECH\C500\1.MOTOR\;
H503/5;DB;2715;DB2715;MOTOR_FC_TYPE_1;MECH\C500\1.MOTOR\;
H503/6;DB;2716;DB2716;MOTOR_FC_TYPE_1;MECH\C500\1.MOTOR\;
H503/7;DB;2717;DB2717;MOTOR_FC_TYPE_1;MECH\C500\1.MOTOR\;
H507;DB;2718;DB2718;MOTOR_FC_TYPE_1;MECH\C500\1.MOTOR\;
H508/1;DB;2719;DB2719;MOTOR_FC_TYPE_1;MECH\C500\1.MOTOR\;
H508/2;DB;2720;DB2720;MOTOR_FC_TYPE_1;MECH\C500\1.MOTOR\;
H513/1;DB;2721;DB2721;MOTOR_FC_TYPE_1;MECH\C500\1.MOTOR\;
H513/2;DB;2722;DB2722;MOTOR_FC_TYPE_1;MECH\C500\1.MOTOR\;
UV501;DB;2801;DB2801;VALVE_SMPL;MECH\C500\2.VALVE\;
C900_CTRL_DRV;FC;103;FC103;;MECH\C900\;
C900_MECH_SET;DB;2900;DB2900;;MECH\C900\;
C900_VLV_SET;DB;3000;DB3000;;MECH\C900\;
H120;DB;2901;DB2901;MOTOR_FC_TYPE_1;MECH\C900\1.MOTOR\;
H615/1;DB;2902;DB2902;MOTOR_FC_TYPE_1;MECH\C900\1.MOTOR\;
H615/2;DB;2903;DB2903;MOTOR_FC_TYPE_1;MECH\C900\1.MOTOR\;
H616/1_C900;DB;2904;DB2904;MOTOR_FC_TYPE_1;MECH\C900\1.MOTOR\;
H616/2_C900;DB;2905;DB2905;MOTOR_FC_TYPE_1;MECH\C900\1.MOTOR\;
H900/1;DB;2906;DB2906;MOTOR_FC_TYPE_1;MECH\C900\1.MOTOR\;
H900/2;DB;2907;DB2907;MOTOR_FC_TYPE_1;MECH\C900\1.MOTOR\;
H901/1;DB;2908;DB2908;MOTOR_FC_TYPE_1;MECH\C900\1.MOTOR\;
H901/2;DB;2909;DB2909;MOTOR_FC_TYPE_1;MECH\C900\1.MOTOR\;
H902/1;DB;2910;DB2910;MOTOR_FC_TYPE_1;MECH\C900\1.MOTOR\;
H902/2;DB;2911;DB2911;MOTOR_FC_TYPE_1;MECH\C900\1.MOTOR\;
H904/1;DB;2912;DB2912;MOTOR_FC_TYPE_1;MECH\C900\1.MOTOR\;
H904/2;DB;2913;DB2913;MOTOR_FC_TYPE_1;MECH\C900\1.MOTOR\;
H905/1;DB;2914;DB2914;MOTOR_FC_TYPE_1;MECH\C900\1.MOTOR\;
H905/2;DB;2915;DB2915;MOTOR_FC_TYPE_1;MECH\C900\1.MOTOR\;
H906;DB;2916;DB2916;MOTOR_FC_TYPE_1;MECH\C900\1.MOTOR\;
D601/1;DB;2917;DB2917;MOTOR_FC_TYPE_1;MECH\C900\1.MOTOR\;
D601/2;DB;2918;DB2918;MOTOR_FC_TYPE_1;MECH\C900\1.MOTOR\;
D901/1;DB;2919;DB2919;MOTOR_FC_TYPE_1;MECH\C900\1.MOTOR\;
D901/2;DB;2920;DB2920;MOTOR_FC_TYPE_1;MECH\C900\1.MOTOR\;
D902/1;DB;2921;DB2921;MOTOR_FC_TYPE_1;MECH\C900\1.MOTOR\;
D902/2;DB;2922;DB2922;MOTOR_FC_TYPE_1;MECH\C900\1.MOTOR\;
